coeff_pair,symmetry,attack,mean_nc,esrgan_damage_p1,esrgan_damage_p2,esrgan_delta,esrgan_combined,jpeg_delta,jpeg_combined
"(1,4)/(7,7)",asymmetric,real_esrgan,0.790234375,10.40736375992014,3.052821638475687,7.354542121444452,13.460185398395826,0.4678903119373148,8.499286844386873
"(1,4)/(7,7)",asymmetric,jpeg_compression_q50,0.9482421875,10.40736375992014,3.052821638475687,7.354542121444452,13.460185398395826,0.4678903119373148,8.499286844386873
"(1,4)/(7,7)",asymmetric,gaussian_blur_5x5,0.77724609375,10.40736375992014,3.052821638475687,7.354542121444452,13.460185398395826,0.4678903119373148,8.499286844386873
"(1,4)/(7,7)",asymmetric,espcn_x4,0.9978515625,10.40736375992014,3.052821638475687,7.354542121444452,13.460185398395826,0.4678903119373148,8.499286844386873
"(1,0)/(7,7)",asymmetric,real_esrgan,0.38779296875,10.380939637229789,3.052821638475687,7.328117998754101,13.433761275705475,0.7837700076478735,8.183407148676315
"(1,0)/(7,7)",asymmetric,jpeg_compression_q50,0.77646484375,10.380939637229789,3.052821638475687,7.328117998754101,13.433761275705475,0.7837700076478735,8.183407148676315
"(1,0)/(7,7)",asymmetric,gaussian_blur_5x5,0.4048828125,10.380939637229789,3.052821638475687,7.328117998754101,13.433761275705475,0.7837700076478735,8.183407148676315
"(1,0)/(7,7)",asymmetric,espcn_x4,0.9890625,10.380939637229789,3.052821638475687,7.328117998754101,13.433761275705475,0.7837700076478735,8.183407148676315
"(1,4)/(5,7)",asymmetric,real_esrgan,0.8046875,10.40736375992014,3.12969769773316,7.277666062186979,13.5370614576533,0.2654819748710171,8.296878507320576
"(1,4)/(5,7)",asymmetric,jpeg_compression_q50,0.96875,10.40736375992014,3.12969769773316,7.277666062186979,13.5370614576533,0.2654819748710171,8.296878507320576
"(1,4)/(5,7)",asymmetric,gaussian_blur_5x5,0.810546875,10.40736375992014,3.12969769773316,7.277666062186979,13.5370614576533,0.2654819748710171,8.296878507320576
"(1,4)/(5,7)",asymmetric,espcn_x4,0.99814453125,10.40736375992014,3.12969769773316,7.277666062186979,13.5370614576533,0.2654819748710171,8.296878507320576
"(1,0)/(5,7)",asymmetric,real_esrgan,0.401171875,10.380939637229789,3.12969769773316,7.251241939496628,13.510637334962949,0.5813616705815758,7.980998811610018
"(1,0)/(5,7)",asymmetric,jpeg_compression_q50,0.85908203125,10.380939637229789,3.12969769773316,7.251241939496628,13.510637334962949,0.5813616705815758,7.980998811610018
"(1,0)/(5,7)",asymmetric,gaussian_blur_5x5,0.429296875,10.380939637229789,3.12969769773316,7.251241939496628,13.510637334962949,0.5813616705815758,7.980998811610018
"(1,0)/(5,7)",asymmetric,espcn_x4,0.99013671875,10.380939637229789,3.12969769773316,7.251241939496628,13.510637334962949,0.5813616705815758,7.980998811610018
"(1,4)/(6,7)",asymmetric,real_esrgan,0.79365234375,10.40736375992014,3.1693100995839623,7.238053660336178,13.576673859504101,0.6766903793438148,8.708086911793373
"(1,4)/(6,7)",asymmetric,jpeg_compression_q50,0.9240234375,10.40736375992014,3.1693100995839623,7.238053660336178,13.576673859504101,0.6766903793438148,8.708086911793373
"(1,4)/(6,7)",asymmetric,gaussian_blur_5x5,0.79287109375,10.40736375992014,3.1693100995839623,7.238053660336178,13.576673859504101,0.6766903793438148,8.708086911793373
"(1,4)/(6,7)",asymmetric,espcn_x4,0.99794921875,10.40736375992014,3.1693100995839623,7.238053660336178,13.576673859504101,0.6766903793438148,8.708086911793373
"(1,4)/(7,6)",asymmetric,real_esrgan,0.79375,10.40736375992014,3.1855876669901098,7.22177609293003,13.592951426910249,0.7100583694965046,8.741454901946064
"(1,4)/(7,6)",asymmetric,jpeg_compression_q50,0.9439453125,10.40736375992014,3.1855876669901098,7.22177609293003,13.592951426910249,0.7100583694965046,8.741454901946064
"(1,4)/(7,6)",asymmetric,gaussian_blur_5x5,0.7923828125,10.40736375992014,3.1855876669901098,7.22177609293003,13.592951426910249,0.7100583694965046,8.741454901946064
"(1,4)/(7,6)",asymmetric,espcn_x4,0.99794921875,10.40736375992014,3.1855876669901098,7.22177609293003,13.592951426910249,0.7100583694965046,8.741454901946064
"(1,4)/(6,6)",asymmetric,real_esrgan,0.797265625,10.40736375992014,3.1858933718066584,7.221470388113481,13.593257131726798,0.7948623019887364,8.826258834438296
"(1,4)/(6,6)",asymmetric,jpeg_compression_q50,0.91396484375,10.40736375992014,3.1858933718066584,7.221470388113481,13.593257131726798,0.7948623019887364,8.826258834438296
"(1,4)/(6,6)",asymmetric,gaussian_blur_5x5,0.809375,10.40736375992014,3.1858933718066584,7.221470388113481,13.593257131726798,0.7948623019887364,8.826258834438296
"(1,4)/(6,6)",asymmetric,espcn_x4,0.99833984375,10.40736375992014,3.1858933718066584,7.221470388113481,13.593257131726798,0.7948623019887364,8.826258834438296
"(1,4)/(7,5)",asymmetric,real_esrgan,0.8037109375,10.40736375992014,3.1898807922992383,7.217482967620901,13.597244552219378,0.22075189061077438,8.252148423060333
"(1,4)/(7,5)",asymmetric,jpeg_compression_q50,0.97001953125,10.40736375992014,3.1898807922992383,7.217482967620901,13.597244552219378,0.22075189061077438,8.252148423060333
"(1,4)/(7,5)",asymmetric,gaussian_blur_5x5,0.80986328125,10.40736375992014,3.1898807922992383,7.217482967620901,13.597244552219378,0.22075189061077438,8.252148423060333
"(1,4)/(7,5)",asymmetric,espcn_x4,0.9978515625,10.40736375992014,3.1898807922992383,7.217482967620901,13.597244552219378,0.22075189061077438,8.252148423060333
"(1,0)/(6,7)",asymmetric,real_esrgan,0.38994140625,10.380939637229789,3.1693100995839623,7.211629537645827,13.55024973681375,0.9925700750543736,8.392207216082815
"(1,0)/(6,7)",asymmetric,jpeg_compression_q50,0.78994140625,10.380939637229789,3.1693100995839623,7.211629537645827,13.55024973681375,0.9925700750543736,8.392207216082815
"(1,0)/(6,7)",asymmetric,gaussian_blur_5x5,0.4158203125,10.380939637229789,3.1693100995839623,7.211629537645827,13.55024973681375,0.9925700750543736,8.392207216082815
"(1,0)/(6,7)",asymmetric,espcn_x4,0.99052734375,10.380939637229789,3.1693100995839623,7.211629537645827,13.55024973681375,0.9925700750543736,8.392207216082815
"(1,0)/(7,6)",asymmetric,real_esrgan,0.39443359375,10.380939637229789,3.1855876669901098,7.195351970239679,13.566527304219898,1.0259380652070633,8.425575206235505
"(1,0)/(7,6)",asymmetric,jpeg_compression_q50,0.772265625,10.380939637229789,3.1855876669901098,7.195351970239679,13.566527304219898,1.0259380652070633,8.425575206235505
"(1,0)/(7,6)",asymmetric,gaussian_blur_5x5,0.41572265625,10.380939637229789,3.1855876669901098,7.195351970239679,13.566527304219898,1.0259380652070633,8.425575206235505
"(1,0)/(7,6)",asymmetric,espcn_x4,0.98974609375,10.380939637229789,3.1855876669901098,7.195351970239679,13.566527304219898,1.0259380652070633,8.425575206235505
"(1,0)/(6,6)",asymmetric,real_esrgan,0.39326171875,10.380939637229789,3.1858933718066584,7.19504626542313,13.566833009036447,1.1107419976992952,8.510379138727737
"(1,0)/(6,6)",asymmetric,jpeg_compression_q50,0.79306640625,10.380939637229789,3.1858933718066584,7.19504626542313,13.566833009036447,1.1107419976992952,8.510379138727737
"(1,0)/(6,6)",asymmetric,gaussian_blur_5x5,0.4287109375,10.380939637229789,3.1858933718066584,7.19504626542313,13.566833009036447,1.1107419976992952,8.510379138727737
"(1,0)/(6,6)",asymmetric,espcn_x4,0.99150390625,10.380939637229789,3.1858933718066584,7.19504626542313,13.566833009036447,1.1107419976992952,8.510379138727737
"(1,0)/(7,5)",asymmetric,real_esrgan,0.41572265625,10.380939637229789,3.1898807922992383,7.19105884493055,13.570820429529027,0.5366315863213331,7.936268727349775
"(1,0)/(7,5)",asymmetric,jpeg_compression_q50,0.876953125,10.380939637229789,3.1898807922992383,7.19105884493055,13.570820429529027,0.5366315863213331,7.936268727349775
"(1,0)/(7,5)",asymmetric,gaussian_blur_5x5,0.43359375,10.380939637229789,3.1898807922992383,7.19105884493055,13.570820429529027,0.5366315863213331,7.936268727349775
"(1,0)/(7,5)",asymmetric,espcn_x4,0.98916015625,10.380939637229789,3.1898807922992383,7.19105884493055,13.570820429529027,0.5366315863213331,7.936268727349775
"(1,4)/(4,7)",asymmetric,real_esrgan,0.8099609375,10.40736375992014,3.216483961012089,7.19087979890805,13.623847720932229,0.33752164316505073,8.36891817561461
"(1,4)/(4,7)",asymmetric,jpeg_compression_q50,0.96953125,10.40736375992014,3.216483961012089,7.19087979890805,13.623847720932229,0.33752164316505073,8.36891817561461
"(1,4)/(4,7)",asymmetric,gaussian_blur_5x5,0.83271484375,10.40736375992014,3.216483961012089,7.19087979890805,13.623847720932229,0.33752164316505073,8.36891817561461
"(1,4)/(4,7)",asymmetric,espcn_x4,0.9978515625,10.40736375992014,3.216483961012089,7.19087979890805,13.623847720932229,0.33752164316505073,8.36891817561461
"(1,4)/(5,6)",asymmetric,real_esrgan,0.80205078125,10.40736375992014,3.2427166117665633,7.164647148153576,13.650080371686702,0.5315346582178595,8.562931190667419
"(1,4)/(5,6)",asymmetric,jpeg_compression_q50,0.9654296875,10.40736375992014,3.2427166117665633,7.164647148153576,13.650080371686702,0.5315346582178595,8.562931190667419
"(1,4)/(5,6)",asymmetric,gaussian_blur_5x5,0.82724609375,10.40736375992014,3.2427166117665633,7.164647148153576,13.650080371686702,0.5315346582178595,8.562931190667419
"(1,4)/(5,6)",asymmetric,espcn_x4,0.9982421875,10.40736375992014,3.2427166117665633,7.164647148153576,13.650080371686702,0.5315346582178595,8.562931190667419
"(1,0)/(4,7)",asymmetric,real_esrgan,0.4142578125,10.380939637229789,3.216483961012089,7.164455676217699,13.597423598241878,0.6534013388756095,8.053038479904052
"(1,0)/(4,7)",asymmetric,jpeg_compression_q50,0.930859375,10.380939637229789,3.216483961012089,7.164455676217699,13.597423598241878,0.6534013388756095,8.053038479904052
"(1,0)/(4,7)",asymmetric,gaussian_blur_5x5,0.45625,10.380939637229789,3.216483961012089,7.164455676217699,13.597423598241878,0.6534013388756095,8.053038479904052
"(1,0)/(4,7)",asymmetric,espcn_x4,0.99091796875,10.380939637229789,3.216483961012089,7.164455676217699,13.597423598241878,0.6534013388756095,8.053038479904052
"(1,0)/(5,6)",asymmetric,real_esrgan,0.40419921875,10.380939637229789,3.2427166117665633,7.138223025463225,13.623656248996351,0.8474143539284182,8.24705149495686
"(1,0)/(5,6)",asymmetric,jpeg_compression_q50,0.85283203125,10.380939637229789,3.2427166117665633,7.138223025463225,13.623656248996351,0.8474143539284182,8.24705149495686
"(1,0)/(5,6)",asymmetric,gaussian_blur_5x5,0.450390625,10.380939637229789,3.2427166117665633,7.138223025463225,13.623656248996351,0.8474143539284182,8.24705149495686
"(1,0)/(5,6)",asymmetric,espcn_x4,0.9912109375,10.380939637229789,3.2427166117665633,7.138223025463225,13.623656248996351,0.8474143539284182,8.24705149495686
"(1,4)/(3,7)",asymmetric,real_esrgan,0.82333984375,10.40736375992014,3.276443177348746,7.1309205825713935,13.683806937268885,0.0004078905615987338,8.031804423011158
"(1,4)/(3,7)",asymmetric,jpeg_compression_q50,0.9908203125,10.40736375992014,3.276443177348746,7.1309205825713935,13.683806937268885,0.0004078905615987338,8.031804423011158
"(1,4)/(3,7)",asymmetric,gaussian_blur_5x5,0.8537109375,10.40736375992014,3.276443177348746,7.1309205825713935,13.683806937268885,0.0004078905615987338,8.031804423011158
"(1,4)/(3,7)",asymmetric,espcn_x4,0.998046875,10.40736375992014,3.276443177348746,7.1309205825713935,13.683806937268885,0.0004078905615987338,8.031804423011158
"(1,4)/(4,6)",asymmetric,real_esrgan,0.80810546875,10.40736375992014,3.2837928415311013,7.1235709183890386,13.69115660145124,0.4192853373796428,8.450681869829202
"(1,4)/(4,6)",asymmetric,jpeg_compression_q50,0.964453125,10.40736375992014,3.2837928415311013,7.1235709183890386,13.69115660145124,0.4192853373796428,8.450681869829202
"(1,4)/(4,6)",asymmetric,gaussian_blur_5x5,0.85322265625,10.40736375992014,3.2837928415311013,7.1235709183890386,13.69115660145124,0.4192853373796428,8.450681869829202
"(1,4)/(4,6)",asymmetric,espcn_x4,0.998046875,10.40736375992014,3.2837928415311013,7.1235709183890386,13.69115660145124,0.4192853373796428,8.450681869829202
"(1,4)/(6,5)",asymmetric,real_esrgan,0.80244140625,10.40736375992014,3.2976692341335236,7.109694525786615,13.705032994053663,0.42084484707635994,8.452241379525919
"(1,4)/(6,5)",asymmetric,jpeg_compression_q50,0.95322265625,10.40736375992014,3.2976692341335236,7.109694525786615,13.705032994053663,0.42084484707635994,8.452241379525919
"(1,4)/(6,5)",asymmetric,gaussian_blur_5x5,0.82861328125,10.40736375992014,3.2976692341335236,7.109694525786615,13.705032994053663,0.42084484707635994,8.452241379525919
"(1,4)/(6,5)",asymmetric,espcn_x4,0.99833984375,10.40736375992014,3.2976692341335236,7.109694525786615,13.705032994053663,0.42084484707635994,8.452241379525919
"(1,0)/(3,7)",asymmetric,real_esrgan,0.44345703125,10.380939637229789,3.276443177348746,7.104496459881043,13.657382814578535,0.3162875862721575,7.7159247273005995
"(1,0)/(3,7)",asymmetric,jpeg_compression_q50,0.96044921875,10.380939637229789,3.276443177348746,7.104496459881043,13.657382814578535,0.3162875862721575,7.7159247273005995
"(1,0)/(3,7)",asymmetric,gaussian_blur_5x5,0.47646484375,10.380939637229789,3.276443177348746,7.104496459881043,13.657382814578535,0.3162875862721575,7.7159247273005995
"(1,0)/(3,7)",asymmetric,espcn_x4,0.99111328125,10.380939637229789,3.276443177348746,7.104496459881043,13.657382814578535,0.3162875862721575,7.7159247273005995
"(5,7)/(7,7)",near-symmetric,real_esrgan,0.8509765625,3.12969769773316,3.052821638475687,0.07687605925747265,6.182519336208847,0.20240833706629768,8.764768819257892
"(5,7)/(7,7)",near-symmetric,jpeg_compression_q50,0.87353515625,3.12969769773316,3.052821638475687,0.07687605925747265,6.182519336208847,0.20240833706629768,8.764768819257892
"(5,7)/(7,7)",near-symmetric,gaussian_blur_5x5,0.9794921875,3.12969769773316,3.052821638475687,0.07687605925747265,6.182519336208847,0.20240833706629768,8.764768819257892
"(5,7)/(7,7)",near-symmetric,espcn_x4,0.9994140625,3.12969769773316,3.052821638475687,0.07687605925747265,6.182519336208847,0.20240833706629768,8.764768819257892
"(6,7)/(7,7)",near-symmetric,real_esrgan,0.8611328125,3.1693100995839623,3.052821638475687,0.11648846110827504,6.22213173805965,0.20880006740650003,9.175977223730689
"(6,7)/(7,7)",near-symmetric,jpeg_compression_q50,0.7224609375,3.1693100995839623,3.052821638475687,0.11648846110827504,6.22213173805965,0.20880006740650003,9.175977223730689
"(6,7)/(7,7)",near-symmetric,gaussian_blur_5x5,0.98447265625,3.1693100995839623,3.052821638475687,0.11648846110827504,6.22213173805965,0.20880006740650003,9.175977223730689
"(6,7)/(7,7)",near-symmetric,espcn_x4,0.99951171875,3.1693100995839623,3.052821638475687,0.11648846110827504,6.22213173805965,0.20880006740650003,9.175977223730689
"(7,6)/(7,7)",near-symmetric,real_esrgan,0.8630859375,3.1855876669901098,3.052821638475687,0.13276602851442254,6.238409305465797,0.2421680575591898,9.209345213883378
"(7,6)/(7,7)",near-symmetric,jpeg_compression_q50,0.70009765625,3.1855876669901098,3.052821638475687,0.13276602851442254,6.238409305465797,0.2421680575591898,9.209345213883378
"(7,6)/(7,7)",near-symmetric,gaussian_blur_5x5,0.98388671875,3.1855876669901098,3.052821638475687,0.13276602851442254,6.238409305465797,0.2421680575591898,9.209345213883378
"(7,6)/(7,7)",near-symmetric,espcn_x4,0.999609375,3.1855876669901098,3.052821638475687,0.13276602851442254,6.238409305465797,0.2421680575591898,9.209345213883378
"(6,6)/(7,7)",near-symmetric,real_esrgan,0.8509765625,3.1858933718066584,3.052821638475687,0.13307173333097122,6.238715010282346,0.32697199005142163,9.29414914637561
"(6,6)/(7,7)",near-symmetric,jpeg_compression_q50,0.67353515625,3.1858933718066584,3.052821638475687,0.13307173333097122,6.238715010282346,0.32697199005142163,9.29414914637561
"(6,6)/(7,7)",near-symmetric,gaussian_blur_5x5,0.96650390625,3.1858933718066584,3.052821638475687,0.13307173333097122,6.238715010282346,0.32697199005142163,9.29414914637561
"(6,6)/(7,7)",near-symmetric,espcn_x4,0.99970703125,3.1858933718066584,3.052821638475687,0.13307173333097122,6.238715010282346,0.32697199005142163,9.29414914637561
"(7,5)/(7,7)",near-symmetric,real_esrgan,0.8640625,3.1898807922992383,3.052821638475687,0.13705915382355105,6.2427024307749255,0.2471384213265404,8.720038734997647
"(7,5)/(7,7)",near-symmetric,jpeg_compression_q50,0.8931640625,3.1898807922992383,3.052821638475687,0.13705915382355105,6.2427024307749255,0.2471384213265404,8.720038734997647
"(7,5)/(7,7)",near-symmetric,gaussian_blur_5x5,0.9765625,3.1898807922992383,3.052821638475687,0.13705915382355105,6.2427024307749255,0.2471384213265404,8.720038734997647
"(7,5)/(7,7)",near-symmetric,espcn_x4,0.99990234375,3.1898807922992383,3.052821638475687,0.13705915382355105,6.2427024307749255,0.2471384213265404,8.720038734997647
"(4,7)/(7,7)",asymmetric,real_esrgan,0.85263671875,3.216483961012089,3.052821638475687,0.163662322536402,6.269305599487776,0.13036866877226405,8.836808487551924
"(4,7)/(7,7)",asymmetric,jpeg_compression_q50,0.78857421875,3.216483961012089,3.052821638475687,0.163662322536402,6.269305599487776,0.13036866877226405,8.836808487551924
"(4,7)/(7,7)",asymmetric,gaussian_blur_5x5,0.969921875,3.216483961012089,3.052821638475687,0.163662322536402,6.269305599487776,0.13036866877226405,8.836808487551924
"(4,7)/(7,7)",asymmetric,espcn_x4,0.99951171875,3.216483961012089,3.052821638475687,0.163662322536402,6.269305599487776,0.13036866877226405,8.836808487551924
"(5,6)/(7,7)",asymmetric,real_esrgan,0.847265625,3.2427166117665633,3.052821638475687,0.18989497329087612,6.2955382502422506,0.06364434628054472,9.030821502604734
"(5,6)/(7,7)",asymmetric,jpeg_compression_q50,0.72734375,3.2427166117665633,3.052821638475687,0.18989497329087612,6.2955382502422506,0.06364434628054472,9.030821502604734
"(5,6)/(7,7)",asymmetric,gaussian_blur_5x5,0.94580078125,3.2427166117665633,3.052821638475687,0.18989497329087612,6.2955382502422506,0.06364434628054472,9.030821502604734
"(5,6)/(7,7)",asymmetric,espcn_x4,0.99921875,3.2427166117665633,3.052821638475687,0.18989497329087612,6.2955382502422506,0.06364434628054472,9.030821502604734
"(5,7)/(6,7)",asymmetric,real_esrgan,0.85703125,3.12969769773316,3.1693100995839623,0.03961240185080239,6.299007797317122,0.4112084044727977,8.973568886664392
"(5,7)/(6,7)",asymmetric,jpeg_compression_q50,0.77001953125,3.12969769773316,3.1693100995839623,0.03961240185080239,6.299007797317122,0.4112084044727977,8.973568886664392
"(5,7)/(6,7)",asymmetric,gaussian_blur_5x5,0.97822265625,3.12969769773316,3.1693100995839623,0.03961240185080239,6.299007797317122,0.4112084044727977,8.973568886664392
"(5,7)/(6,7)",asymmetric,espcn_x4,0.999609375,3.12969769773316,3.1693100995839623,0.03961240185080239,6.299007797317122,0.4112084044727977,8.973568886664392
"(5,7)/(7,6)",near-symmetric,real_esrgan,0.853515625,3.12969769773316,3.1855876669901098,0.05588996925694989,6.31528536472327,0.4445763946254875,9.00693687681708
"(5,7)/(7,6)",near-symmetric,jpeg_compression_q50,0.76220703125,3.12969769773316,3.1855876669901098,0.05588996925694989,6.31528536472327,0.4445763946254875,9.00693687681708
"(5,7)/(7,6)",near-symmetric,gaussian_blur_5x5,0.978125,3.12969769773316,3.1855876669901098,0.05588996925694989,6.31528536472327,0.4445763946254875,9.00693687681708
"(5,7)/(7,6)",near-symmetric,espcn_x4,0.99970703125,3.12969769773316,3.1855876669901098,0.05588996925694989,6.31528536472327,0.4445763946254875,9.00693687681708
"(5,7)/(6,6)",near-symmetric,real_esrgan,0.8525390625,3.12969769773316,3.1858933718066584,0.05619567407349857,6.315591069539819,0.5293803271177193,9.091740809309313
"(5,7)/(6,6)",near-symmetric,jpeg_compression_q50,0.72216796875,3.12969769773316,3.1858933718066584,0.05619567407349857,6.315591069539819,0.5293803271177193,9.091740809309313
"(5,7)/(6,6)",near-symmetric,gaussian_blur_5x5,0.97412109375,3.12969769773316,3.1858933718066584,0.05619567407349857,6.315591069539819,0.5293803271177193,9.091740809309313
"(5,7)/(6,6)",near-symmetric,espcn_x4,0.99970703125,3.12969769773316,3.1858933718066584,0.05619567407349857,6.315591069539819,0.5293803271177193,9.091740809309313
"(5,7)/(7,5)",symmetric,real_esrgan,0.85087890625,3.12969769773316,3.1898807922992383,0.0601830945660784,6.319578490032399,0.04473008426024272,8.51763039793135
"(5,7)/(7,5)",symmetric,jpeg_compression_q50,0.76923828125,3.12969769773316,3.1898807922992383,0.0601830945660784,6.319578490032399,0.04473008426024272,8.51763039793135
"(5,7)/(7,5)",symmetric,gaussian_blur_5x5,0.97822265625,3.12969769773316,3.1898807922992383,0.0601830945660784,6.319578490032399,0.04473008426024272,8.51763039793135
"(5,7)/(7,5)",symmetric,espcn_x4,0.99970703125,3.12969769773316,3.1898807922992383,0.0601830945660784,6.319578490032399,0.04473008426024272,8.51763039793135
"(3,7)/(7,7)",asymmetric,real_esrgan,0.8486328125,3.276443177348746,3.052821638475687,0.2236215388730587,6.329264815824433,0.46748242137571605,8.499694734948473
"(3,7)/(7,7)",asymmetric,jpeg_compression_q50,0.7818359375,3.276443177348746,3.052821638475687,0.2236215388730587,6.329264815824433,0.46748242137571605,8.499694734948473
"(3,7)/(7,7)",asymmetric,gaussian_blur_5x5,0.96376953125,3.276443177348746,3.052821638475687,0.2236215388730587,6.329264815824433,0.46748242137571605,8.499694734948473
"(3,7)/(7,7)",asymmetric,espcn_x4,0.999609375,3.276443177348746,3.052821638475687,0.2236215388730587,6.329264815824433,0.46748242137571605,8.499694734948473
"(4,6)/(7,7)",asymmetric,real_esrgan,0.84189453125,3.2837928415311013,3.052821638475687,0.23097120305541408,6.336614480006789,0.04860497455767199,8.918572181766518
"(4,6)/(7,7)",asymmetric,jpeg_compression_q50,0.71826171875,3.2837928415311013,3.052821638475687,0.23097120305541408,6.336614480006789,0.04860497455767199,8.918572181766518
"(4,6)/(7,7)",asymmetric,gaussian_blur_5x5,0.9263671875,3.2837928415311013,3.052821638475687,0.23097120305541408,6.336614480006789,0.04860497455767199,8.918572181766518
"(4,6)/(7,7)",asymmetric,espcn_x4,0.99951171875,3.2837928415311013,3.052821638475687,0.23097120305541408,6.336614480006789,0.04860497455767199,8.918572181766518
"(4,7)/(5,7)",asymmetric,real_esrgan,0.85205078125,3.216483961012089,3.12969769773316,0.08678626327892935,6.346181658745249,0.07203966829403363,8.634400150485627
"(4,7)/(5,7)",asymmetric,jpeg_compression_q50,0.836328125,3.216483961012089,3.12969769773316,0.08678626327892935,6.346181658745249,0.07203966829403363,8.634400150485627
"(4,7)/(5,7)",asymmetric,gaussian_blur_5x5,0.98076171875,3.216483961012089,3.12969769773316,0.08678626327892935,6.346181658745249,0.07203966829403363,8.634400150485627
"(4,7)/(5,7)",asymmetric,espcn_x4,0.99951171875,3.216483961012089,3.12969769773316,0.08678626327892935,6.346181658745249,0.07203966829403363,8.634400150485627
"(6,5)/(7,7)",asymmetric,real_esrgan,0.84853515625,3.2976692341335236,3.052821638475687,0.24484759565783643,6.35049087260921,0.047045464860954844,8.920131691463233
"(6,5)/(7,7)",asymmetric,jpeg_compression_q50,0.7505859375,3.2976692341335236,3.052821638475687,0.24484759565783643,6.35049087260921,0.047045464860954844,8.920131691463233
"(6,5)/(7,7)",asymmetric,gaussian_blur_5x5,0.941015625,3.2976692341335236,3.052821638475687,0.24484759565783643,6.35049087260921,0.047045464860954844,8.920131691463233
"(6,5)/(7,7)",asymmetric,espcn_x4,0.99970703125,3.2976692341335236,3.052821638475687,0.24484759565783643,6.35049087260921,0.047045464860954844,8.920131691463233
"(6,7)/(7,6)",symmetric,real_esrgan,0.85498046875,3.1693100995839623,3.1855876669901098,0.016277567406147497,6.354897766574072,0.033367990152689764,9.418145281289878
"(6,7)/(7,6)",symmetric,jpeg_compression_q50,0.61943359375,3.1693100995839623,3.1855876669901098,0.016277567406147497,6.354897766574072,0.033367990152689764,9.418145281289878
"(6,7)/(7,6)",symmetric,gaussian_blur_5x5,0.98271484375,3.1693100995839623,3.1855876669901098,0.016277567406147497,6.354897766574072,0.033367990152689764,9.418145281289878
"(6,7)/(7,6)",symmetric,espcn_x4,0.999609375,3.1693100995839623,3.1855876669901098,0.016277567406147497,6.354897766574072,0.033367990152689764,9.418145281289878
"(6,6)/(6,7)",near-symmetric,real_esrgan,0.857421875,3.1858933718066584,3.1693100995839623,0.016583272222696177,6.35520347139062,0.1181719226449216,9.50294921378211
"(6,6)/(6,7)",near-symmetric,jpeg_compression_q50,0.55771484375,3.1858933718066584,3.1693100995839623,0.016583272222696177,6.35520347139062,0.1181719226449216,9.50294921378211
"(6,6)/(6,7)",near-symmetric,gaussian_blur_5x5,0.97001953125,3.1858933718066584,3.1693100995839623,0.016583272222696177,6.35520347139062,0.1181719226449216,9.50294921378211
"(6,6)/(6,7)",near-symmetric,espcn_x4,0.99951171875,3.1858933718066584,3.1693100995839623,0.016583272222696177,6.35520347139062,0.1181719226449216,9.50294921378211
"(6,7)/(7,5)",near-symmetric,real_esrgan,0.85634765625,3.1693100995839623,3.1898807922992383,0.020570692715276007,6.3591908918832,0.45593848873304044,8.928838802404147
"(6,7)/(7,5)",near-symmetric,jpeg_compression_q50,0.78447265625,3.1693100995839623,3.1898807922992383,0.020570692715276007,6.3591908918832,0.45593848873304044,8.928838802404147
"(6,7)/(7,5)",near-symmetric,gaussian_blur_5x5,0.9794921875,3.1693100995839623,3.1898807922992383,0.020570692715276007,6.3591908918832,0.45593848873304044,8.928838802404147
"(6,7)/(7,5)",near-symmetric,espcn_x4,0.99970703125,3.1693100995839623,3.1898807922992383,0.020570692715276007,6.3591908918832,0.45593848873304044,8.928838802404147
"(7,4)/(7,7)",asymmetric,real_esrgan,0.85908203125,3.314032590514382,3.052821638475687,0.2612109520386947,6.36685422899007,0.04058212835489616,9.007759284679086
"(7,4)/(7,7)",asymmetric,jpeg_compression_q50,0.80595703125,3.314032590514382,3.052821638475687,0.2612109520386947,6.36685422899007,0.04058212835489616,9.007759284679086
"(7,4)/(7,7)",asymmetric,gaussian_blur_5x5,0.96337890625,3.314032590514382,3.052821638475687,0.2612109520386947,6.36685422899007,0.04058212835489616,9.007759284679086
"(7,4)/(7,7)",asymmetric,espcn_x4,0.99990234375,3.314032590514382,3.052821638475687,0.2612109520386947,6.36685422899007,0.04058212835489616,9.007759284679086
"(6,6)/(7,6)",near-symmetric,real_esrgan,0.853125,3.1858933718066584,3.1855876669901098,0.00030570481654867976,6.371481038796768,0.08480393249223184,9.5363172039348
"(6,6)/(7,6)",near-symmetric,jpeg_compression_q50,0.52412109375,3.1858933718066584,3.1855876669901098,0.00030570481654867976,6.371481038796768,0.08480393249223184,9.5363172039348
"(6,6)/(7,6)",near-symmetric,gaussian_blur_5x5,0.97021484375,3.1858933718066584,3.1855876669901098,0.00030570481654867976,6.371481038796768,0.08480393249223184,9.5363172039348
"(6,6)/(7,6)",near-symmetric,espcn_x4,0.99951171875,3.1858933718066584,3.1855876669901098,0.00030570481654867976,6.371481038796768,0.08480393249223184,9.5363172039348
"(1,4)/(4,1)",symmetric,real_esrgan,0.79609375,10.40736375992014,9.974430254723844,0.4329335051962957,20.381794014643983,1.0079046322561922,9.039301164705751
"(1,4)/(4,1)",symmetric,jpeg_compression_q50,0.9853515625,10.40736375992014,9.974430254723844,0.4329335051962957,20.381794014643983,1.0079046322561922,9.039301164705751
"(1,4)/(4,1)",symmetric,gaussian_blur_5x5,0.922265625,10.40736375992014,9.974430254723844,0.4329335051962957,20.381794014643983,1.0079046322561922,9.039301164705751
"(1,4)/(4,1)",symmetric,espcn_x4,0.99833984375,10.40736375992014,9.974430254723844,0.4329335051962957,20.381794014643983,1.0079046322561922,9.039301164705751
"(1,7)/(7,1)",symmetric,real_esrgan,0.80859375,3.5437012496261415,3.782834468268473,0.2391332186423316,7.326535717894615,0.2996196452545332,7.036047783193723
"(1,7)/(7,1)",symmetric,jpeg_compression_q50,0.96240234375,3.5437012496261415,3.782834468268473,0.2391332186423316,7.326535717894615,0.2996196452545332,7.036047783193723
"(1,7)/(7,1)",symmetric,gaussian_blur_5x5,0.97646484375,3.5437012496261415,3.782834468268473,0.2391332186423316,7.326535717894615,0.2996196452545332,7.036047783193723
"(1,7)/(7,1)",symmetric,espcn_x4,0.99951171875,3.5437012496261415,3.782834468268473,0.2391332186423316,7.326535717894615,0.2996196452545332,7.036047783193723
"(1,2)/(2,1)",symmetric,real_esrgan,0.79287109375,5.6556403679852725,5.616072667817222,0.03956770016805056,11.271713035802495,0.1875817976918004,5.591817632745844
"(1,2)/(2,1)",symmetric,jpeg_compression_q50,0.9953125,5.6556403679852725,5.616072667817222,0.03956770016805056,11.271713035802495,0.1875817976918004,5.591817632745844
"(1,2)/(2,1)",symmetric,gaussian_blur_5x5,0.93564453125,5.6556403679852725,5.616072667817222,0.03956770016805056,11.271713035802495,0.1875817976918004,5.591817632745844
"(1,2)/(2,1)",symmetric,espcn_x4,0.997265625,5.6556403679852725,5.616072667817222,0.03956770016805056,11.271713035802495,0.1875817976918004,5.591817632745844
