image,selected_pair,embedding_cost,attack_name,nc_adaptive,nc_standard,psnr_adaptive,psnr_standard,ssim_adaptive,ssim_standard,alpha_adaptive,nc_adaptive_strength,ber_adaptive_strength,psnr_adaptive_strength,ssim_adaptive_strength
kodim01.png,"(7,4)/(7,7)",0.24052127620758296,real_esrgan,0.88671875,0.73828125,28.2498709278361,28.15893141930793,0.8721634295758731,0.8719144217449587,0.22459483680226805,0.89453125,0.052734375,28.241682602340337,0.8717482049531368
kodim01.png,"(7,4)/(7,7)",0.24052127620758296,jpeg_compression_q50,0.880859375,1.0,29.481247946131827,29.524356566456788,0.8791430745707611,0.8758712607392288,0.22459483680226805,0.89453125,0.052734375,29.472990148493444,0.8789771721812726
kodim01.png,"(7,4)/(7,7)",0.24052127620758296,gaussian_blur_5x5,0.966796875,0.912109375,25.54601054051474,25.657156457331727,0.7580344149639933,0.7598572794133722,0.22459483680226805,0.9765625,0.01171875,25.545774939814123,0.758014426074551
kodim02.png,"(4,7)/(5,7)",0.19624710546084007,real_esrgan,0.8671875,0.7890625,31.36553209025083,31.04871568212044,0.8612350952496884,0.8599161399194998,0.13593100726090437,0.865234375,0.0673828125,31.365540522324867,0.8611578635453458
kodim02.png,"(4,7)/(5,7)",0.19624710546084007,jpeg_compression_q50,0.873046875,0.998046875,32.36980264755911,32.32025234013288,0.8375343127660803,0.8310686239583228,0.13593100726090437,0.87890625,0.060546875,32.368774120041714,0.8374580972792799
kodim02.png,"(4,7)/(5,7)",0.19624710546084007,gaussian_blur_5x5,0.998046875,0.986328125,31.865568236033948,31.92584739891125,0.8695043296103036,0.8678643826905289,0.13593100726090437,0.998046875,0.0009765625,31.865664413181847,0.8695013023427807
kodim03.png,"(6,7)/(7,5)",0.23799333361617514,real_esrgan,0.896484375,0.84765625,31.286113786649782,30.848188065542345,0.9235907369221157,0.91732612490744,0.12100980814124193,0.896484375,0.0517578125,31.284808712680277,0.9235606489874172
kodim03.png,"(6,7)/(7,5)",0.23799333361617514,jpeg_compression_q50,0.705078125,0.99609375,33.70872402134025,33.50684114887217,0.905656322654044,0.8881830873920081,0.12100980814124193,0.705078125,0.1474609375,33.7100009275342,0.9056489939409137
kodim03.png,"(6,7)/(7,5)",0.23799333361617514,gaussian_blur_5x5,0.9921875,0.96875,32.288280903074686,32.24234909344714,0.9127335768020376,0.905482363449448,0.12100980814124193,0.994140625,0.0029296875,32.28837173714189,0.9127344292791509
kodim04.png,"(7,4)/(7,7)",0.1912687123193304,real_esrgan,0.873046875,0.814453125,29.91616874575724,29.70789869278738,0.8903455946304861,0.8856327571092554,0.149050828725599,0.873046875,0.0634765625,29.91405994738644,0.8902828740236416
kodim04.png,"(7,4)/(7,7)",0.1912687123193304,jpeg_compression_q50,0.845703125,0.998046875,32.71996499334547,32.634255585907695,0.8770674758489813,0.8692434573028556,0.149050828725599,0.8515625,0.07421875,32.71594825904741,0.8770304066737329
kodim04.png,"(7,4)/(7,7)",0.1912687123193304,gaussian_blur_5x5,0.974609375,0.96484375,31.652793779734395,31.694882802258615,0.8910800184511993,0.8884382766655033,0.149050828725599,0.9765625,0.01171875,31.652528311980422,0.8910772661892561
kodim05.png,"(4,7)/(5,7)",0.15174612758894637,real_esrgan,0.794921875,0.822265625,27.881363312302632,27.62947240463766,0.9253596362622772,0.9192835258292456,0.2012549322520745,0.80859375,0.095703125,27.870073238183046,0.9250307512190018
kodim05.png,"(4,7)/(5,7)",0.15174612758894637,jpeg_compression_q50,0.921875,0.9921875,28.722991120906403,28.643905989139466,0.8983200244152552,0.8938586230226419,0.2012549322520745,0.94921875,0.025390625,28.712716410251836,0.8981040328246461
kodim05.png,"(4,7)/(5,7)",0.15174612758894637,gaussian_blur_5x5,0.90234375,0.798828125,25.238636231393446,25.346161164525995,0.8267706596029084,0.8252916998141098,0.2012549322520745,0.927734375,0.0361328125,25.23766717204118,0.8267425166473811
kodim06.png,"(7,4)/(7,7)",0.1661567173226855,real_esrgan,0.935546875,0.830078125,29.9184826915196,29.70235067304487,0.9043705510905076,0.9019600433881864,0.1670173921751597,0.935546875,0.0322265625,29.915284753426846,0.9042458145494114
kodim06.png,"(7,4)/(7,7)",0.1661567173226855,jpeg_compression_q50,0.8046875,0.98046875,30.569240890597364,30.48165492805135,0.8891020739665209,0.882101443252898,0.1670173921751597,0.80859375,0.095703125,30.564968082163638,0.8890371441009438
kodim06.png,"(7,4)/(7,7)",0.1661567173226855,gaussian_blur_5x5,0.927734375,0.9140625,27.04288070713154,27.087336768802505,0.8002165932773749,0.7963146982500374,0.1670173921751597,0.939453125,0.0302734375,27.042493288195185,0.800202599137639
kodim07.png,"(4,7)/(5,7)",0.16789199176709857,real_esrgan,0.853515625,0.693359375,30.434799178525942,30.16087080665688,0.9458835750219672,0.9387836373150072,0.14416058208013122,0.861328125,0.0693359375,30.431525929315363,0.9458303508994786
kodim07.png,"(4,7)/(5,7)",0.16789199176709857,jpeg_compression_q50,0.779296875,1.0,32.910702237472535,32.530625365327964,0.9282904976604619,0.9138047113535804,0.14416058208013122,0.78515625,0.107421875,32.907943498669574,0.9282771929313235
kodim07.png,"(4,7)/(5,7)",0.16789199176709857,gaussian_blur_5x5,0.984375,0.904296875,30.929023982707008,30.829628922625755,0.9358564988419781,0.9291180642303246,0.14416058208013122,0.984375,0.0078125,30.928916644876253,0.9358518533578782
kodim08.png,"(4,7)/(5,7)",0.17842969555553684,real_esrgan,0.623046875,0.52734375,26.696524217113247,26.394662218835457,0.9155457107932561,0.9126980085245704,0.23375534921511024,0.64453125,0.177734375,26.69286798607707,0.9153788862560707
kodim08.png,"(4,7)/(5,7)",0.17842969555553684,jpeg_compression_q50,0.923828125,0.990234375,29.005858237449278,28.773858396869837,0.9089058361565132,0.9027833735857604,0.23375534921511024,0.927734375,0.0361328125,28.996730077715046,0.9086827187387084
kodim08.png,"(4,7)/(5,7)",0.17842969555553684,gaussian_blur_5x5,0.978515625,0.78515625,23.03254092040889,23.215760484137327,0.7837959977135429,0.7845922091156048,0.23375534921511024,0.982421875,0.0087890625,23.03222495425901,0.7837709346948308
kodim09.png,"(7,4)/(7,7)",0.22690998349333086,real_esrgan,0.83984375,0.755859375,32.294215943852194,32.10975861761006,0.935773074494044,0.933057025504571,0.12436648148445531,0.83984375,0.080078125,32.295156370219196,0.935780815922174
kodim09.png,"(7,4)/(7,7)",0.22690998349333086,jpeg_compression_q50,0.595703125,0.998046875,33.90954430181476,33.60929167026502,0.916330889391968,0.8988295956007861,0.12436648148445531,0.595703125,0.2021484375,33.90940850056381,0.9163191911039434
kodim09.png,"(7,4)/(7,7)",0.22690998349333086,gaussian_blur_5x5,0.98046875,0.955078125,30.726923634782857,30.75679903376695,0.9080061820083909,0.9033989894574486,0.12436648148445531,0.982421875,0.0087890625,30.726828807707104,0.9080011012927933
kodim10.png,"(4,7)/(5,7)",0.19977172849763594,real_esrgan,0.814453125,0.736328125,32.86503252658773,32.42582231444962,0.9400270044239427,0.9358909734789114,0.12482772917991339,0.8203125,0.08984375,32.864204708004735,0.9399987744393913
kodim10.png,"(4,7)/(5,7)",0.19977172849763594,jpeg_compression_q50,0.83984375,0.998046875,33.42707757572484,33.20976244422164,0.9059089390829999,0.8944415712474658,0.12482772917991339,0.84375,0.078125,33.42676891443162,0.9058735687466756
kodim10.png,"(4,7)/(5,7)",0.19977172849763594,gaussian_blur_5x5,0.982421875,0.966796875,30.51426513215031,30.5294370655346,0.9008065106894444,0.8959436636827597,0.12482772917991339,0.984375,0.0078125,30.514187933810973,0.9008043902820188
kodim11.png,"(7,4)/(7,7)",0.2133210964303631,real_esrgan,0.939453125,0.849609375,31.05246984955475,30.651002306821987,0.9145011565717754,0.9096378599505388,0.1516298803428006,0.94140625,0.029296875,31.050011238530107,0.9144039859446685
kodim11.png,"(7,4)/(7,7)",0.2133210964303631,jpeg_compression_q50,0.81640625,0.998046875,31.21839231186215,31.13800387789246,0.8798528170751085,0.8699544228065058,0.1516298803428006,0.8203125,0.08984375,31.215620730162954,0.879804176792954
kodim11.png,"(7,4)/(7,7)",0.2133210964303631,gaussian_blur_5x5,0.978515625,0.951171875,28.41399082392924,28.510913261726415,0.8375178485614511,0.8346104619258541,0.1516298803428006,0.978515625,0.0107421875,28.41376743075641,0.8375081899521417
kodim12.png,"(4,7)/(5,7)",0.21253941022763592,real_esrgan,0.9140625,0.888671875,32.81108705393215,32.431620933556445,0.9198704128495415,0.9162364117221452,0.12317816234479012,0.9140625,0.04296875,32.8109428271119,0.9198268064687575
kodim12.png,"(4,7)/(5,7)",0.21253941022763592,jpeg_compression_q50,0.802734375,0.998046875,33.975109099116565,33.76531354307559,0.8922623336862996,0.8800106218563833,0.12317816234479012,0.802734375,0.0986328125,33.973573508500984,0.892182090520318
kodim12.png,"(4,7)/(5,7)",0.21253941022763592,gaussian_blur_5x5,0.99609375,0.974609375,31.30571834879426,31.351690343562986,0.8888561626695513,0.883682810562909,0.12317816234479012,0.99609375,0.001953125,31.305684049587043,0.8888535702019976
kodim13.png,"(5,7)/(7,6)",0.24523930440876313,real_esrgan,0.92578125,0.912109375,27.886402974723183,27.881781160806312,0.8653888387847587,0.8656812637821419,0.22677344866684535,0.93359375,0.033203125,27.872847400567345,0.8649557558090549
kodim13.png,"(5,7)/(7,6)",0.24523930440876313,jpeg_compression_q50,0.88671875,0.9921875,27.32008656546079,27.386474486842364,0.8579830720282796,0.8569064917745662,0.22677344866684535,0.9140625,0.04296875,27.309343366085947,0.8577783091048107
kodim13.png,"(5,7)/(7,6)",0.24523930440876313,gaussian_blur_5x5,0.890625,0.853515625,23.756082173618267,23.92501861975125,0.7226500180972174,0.7267092971517393,0.22677344866684535,0.921875,0.0390625,23.755333471154586,0.7225995659900061
kodim14.png,"(4,7)/(5,7)",0.20589909696639147,real_esrgan,0.939453125,0.8828125,29.795349039482517,29.4771203175053,0.913555358683824,0.9078031157354548,0.15855410930078115,0.943359375,0.0283203125,29.789957648969544,0.913374827526208
kodim14.png,"(4,7)/(5,7)",0.20589909696639147,jpeg_compression_q50,0.95703125,1.0,29.57619885662495,29.497727214907425,0.8712542452559355,0.86658968893684,0.15855410930078115,0.9609375,0.01953125,29.572849206872345,0.8710605504355642
kodim14.png,"(4,7)/(5,7)",0.20589909696639147,gaussian_blur_5x5,0.974609375,0.90234375,27.914816388995682,27.95721649335432,0.839601148355002,0.8365027446244206,0.15855410930078115,0.982421875,0.0087890625,27.914574929043635,0.8395924439952237
kodim15.png,"(4,7)/(5,7)",0.11787878207396499,real_esrgan,0.859375,0.791015625,30.593019361731024,30.136694817831504,0.8881113062011471,0.8829575361112921,0.13383598762591006,0.861328125,0.0693359375,30.59215642232353,0.8880588085092462
kodim15.png,"(4,7)/(5,7)",0.11787878207396499,jpeg_compression_q50,0.720703125,0.98046875,32.60290570135779,32.49165026327563,0.8808089656712533,0.8689482087907007,0.13383598762591006,0.720703125,0.1396484375,32.601614228590094,0.8807623919329363
kodim15.png,"(4,7)/(5,7)",0.11787878207396499,gaussian_blur_5x5,0.986328125,0.953125,30.315048018423564,30.449398788179337,0.8959953846138765,0.8922552739601325,0.13383598762591006,0.986328125,0.0068359375,30.314981814722046,0.895993353991899
kodim16.png,"(7,4)/(7,7)",0.18431567978385233,real_esrgan,0.8984375,0.908203125,31.571716630820085,31.409650080417578,0.9174166404627918,0.9138086816089204,0.13716890192909142,0.90234375,0.048828125,31.570927199928374,0.9173833773086554
kodim16.png,"(7,4)/(7,7)",0.18431567978385233,jpeg_compression_q50,0.80859375,1.0,32.88805516457422,32.76994235569436,0.8934190190546917,0.8830287058874231,0.13716890192909142,0.80859375,0.095703125,32.88556575500286,0.8934033468119419
kodim16.png,"(7,4)/(7,7)",0.18431567978385233,gaussian_blur_5x5,0.98828125,0.984375,30.37763866766737,30.369052036082486,0.8467878835400501,0.8413282623038599,0.13716890192909142,0.990234375,0.0048828125,30.37762254803686,0.8467936771237595
kodim17.png,"(7,4)/(7,7)",0.20346828124328795,real_esrgan,0.95703125,0.927734375,32.869054002678965,32.283492501424206,0.9476513117110926,0.940025519607597,0.12190080376716622,0.958984375,0.0205078125,32.86840912271794,0.9476206851786634
kodim17.png,"(7,4)/(7,7)",0.20346828124328795,jpeg_compression_q50,0.802734375,1.0,33.31947588962427,33.09213320430243,0.9187814327127318,0.907624905400986,0.12190080376716622,0.806640625,0.0966796875,33.317827710862645,0.9187581724698931
kodim17.png,"(7,4)/(7,7)",0.20346828124328795,gaussian_blur_5x5,0.96875,0.94140625,31.16120805678152,31.213857281889396,0.9126160810158982,0.9080190612505628,0.12190080376716622,0.96875,0.015625,31.160902541185994,0.9126115916616296
kodim18.png,"(7,4)/(7,7)",0.22607794552912153,real_esrgan,0.947265625,0.9375,28.632845239390473,28.471386067487497,0.8843408703496937,0.882620342244396,0.17307412822335158,0.947265625,0.0263671875,28.62673021686315,0.8841373858573042
kodim18.png,"(7,4)/(7,7)",0.22607794552912153,jpeg_compression_q50,0.9140625,0.998046875,29.811074528702836,29.78455254203551,0.8744717251965822,0.8680235967872907,0.17307412822335158,0.923828125,0.0380859375,29.806020728495056,0.8744121107456104
kodim18.png,"(7,4)/(7,7)",0.22607794552912153,gaussian_blur_5x5,0.94921875,0.9296875,27.450506837533794,27.593470903779384,0.8330859787275506,0.8310954249637597,0.17307412822335158,0.955078125,0.0224609375,27.450118664725238,0.8330823022572083
kodim19.png,"(7,4)/(7,7)",0.2360508606229359,real_esrgan,0.857421875,0.833984375,29.26208542752939,28.941529480529,0.9100231335639756,0.9058008428697584,0.16156286663708325,0.859375,0.0703125,29.262303338267706,0.9099459644991925
kodim19.png,"(7,4)/(7,7)",0.2360508606229359,jpeg_compression_q50,0.818359375,1.0,32.129030200443,31.97718731222738,0.8948440493908816,0.8862259949126431,0.16156286663708325,0.82421875,0.087890625,32.1257196789533,0.8948127473485655
kodim19.png,"(7,4)/(7,7)",0.2360508606229359,gaussian_blur_5x5,0.98828125,0.931640625,27.519320688370755,27.61356017171684,0.8436269318976004,0.8418442795363159,0.16156286663708325,0.990234375,0.0048828125,27.51925676806197,0.8436261951890858
kodim20.png,"(4,7)/(5,7)",0.19330262117452335,real_esrgan,0.380859375,0.455078125,32.89902872105109,32.636625565423174,0.9280683964192861,0.9263145366121522,0.10768412858549549,0.380859375,0.3095703125,32.898597551137335,0.9280476108723833
kodim20.png,"(4,7)/(5,7)",0.19330262117452335,jpeg_compression_q50,0.46484375,0.8203125,33.18879462639404,33.063873893714785,0.9116586930403677,0.9049620846522848,0.10768412858549549,0.46484375,0.267578125,33.18872011878847,0.9116189541470777
kodim20.png,"(4,7)/(5,7)",0.19330262117452335,gaussian_blur_5x5,0.984375,0.92578125,29.371294574381672,29.43107809677507,0.9037468054241037,0.9001474007411815,0.10768412858549549,0.984375,0.0078125,29.371240529794214,0.9037464493556344
kodim21.png,"(7,4)/(7,7)",0.22631139357822033,real_esrgan,0.794921875,0.759765625,31.2524751394092,31.035523222974305,0.9281039308876767,0.926406807676044,0.14398295959303836,0.80859375,0.095703125,31.249505978759935,0.928043110410289
kodim21.png,"(7,4)/(7,7)",0.22631139357822033,jpeg_compression_q50,0.697265625,0.9921875,31.004987153721785,30.818345648981236,0.9060506255354218,0.8902115903844526,0.14398295959303836,0.705078125,0.1474609375,31.00240598297067,0.9059741143814352
kodim21.png,"(7,4)/(7,7)",0.22631139357822033,gaussian_blur_5x5,0.958984375,0.89453125,27.7520532535138,27.79196020661727,0.871786718119106,0.866944542734327,0.14398295959303836,0.958984375,0.0205078125,27.75198880041153,0.8717871587827456
kodim22.png,"(4,7)/(5,7)",0.19183370493082383,real_esrgan,0.935546875,0.912109375,30.56507463835593,30.369077554770087,0.8810826073965963,0.877738362105103,0.14915327815683066,0.93359375,0.033203125,30.563414917136214,0.8809914142556524
kodim22.png,"(4,7)/(5,7)",0.19183370493082383,jpeg_compression_q50,0.90234375,0.998046875,31.285921304974945,31.306095908910745,0.8633343511179992,0.8578335843940131,0.14915327815683066,0.90234375,0.048828125,31.28290802972669,0.8632388612358035
kodim22.png,"(4,7)/(5,7)",0.19183370493082383,gaussian_blur_5x5,0.990234375,0.970703125,29.60838755351842,29.764025022687047,0.8493714228442871,0.8488198081363506,0.14915327815683066,0.990234375,0.0048828125,29.60824775299239,0.8493667152653587
kodim23.png,"(4,7)/(5,7)",0.18361861426425796,real_esrgan,0.92578125,0.837890625,33.13857139423866,32.73876200977146,0.9437007274036101,0.9393818403953484,0.10376218217735039,0.92578125,0.037109375,33.138497218469055,0.9436989936459229
kodim23.png,"(4,7)/(5,7)",0.18361861426425796,jpeg_compression_q50,0.6640625,1.0,34.15118191611219,33.95569765947775,0.9159636071212076,0.903211900053718,0.10376218217735039,0.666015625,0.1669921875,34.151897744277065,0.9159605747297231
kodim23.png,"(4,7)/(5,7)",0.18361861426425796,gaussian_blur_5x5,0.9921875,0.982421875,32.27960590358256,32.281171706831145,0.9490443063525671,0.9440523981119237,0.10376218217735039,0.9921875,0.00390625,32.27957410736171,0.9490441037318442
kodim24.png,"(4,7)/(5,7)",0.19945289397699026,real_esrgan,0.818359375,0.796875,29.09403626604984,28.96702031448389,0.9158426158115421,0.9122368959137962,0.16688258678311202,0.81640625,0.091796875,29.088710500410055,0.9157300336915823
kodim24.png,"(4,7)/(5,7)",0.19945289397699026,jpeg_compression_q50,0.884765625,0.970703125,29.541854076127336,29.5942627436508,0.889590348360794,0.8845201946464866,0.16688258678311202,0.88671875,0.056640625,29.53755171822384,0.8895286188833067
kodim24.png,"(4,7)/(5,7)",0.19945289397699026,gaussian_blur_5x5,0.94921875,0.900390625,26.180714487590908,26.375126184290085,0.8323163500018644,0.8317815880019329,0.16688258678311202,0.953125,0.0234375,26.180315182358747,0.8323082414296438
t001.png,"(4,7)/(5,7)",0.15982878958766172,real_esrgan,0.87890625,0.779296875,32.194987435715355,31.43591865226294,0.9324541804321678,0.922315626647214,0.1162151794956371,0.8828125,0.05859375,32.19590837651313,0.9324492182757025
t001.png,"(4,7)/(5,7)",0.15982878958766172,jpeg_compression_q50,0.611328125,1.0,34.279192523172675,33.653512613038984,0.9156105846816197,0.8987033782111532,0.1162151794956371,0.61328125,0.193359375,34.27806113603675,0.9155977768711981
t001.png,"(4,7)/(5,7)",0.15982878958766172,gaussian_blur_5x5,0.99609375,0.94921875,32.620340566698694,32.3441675712194,0.9376720152905461,0.9295984638071249,0.1162151794956371,0.998046875,0.0009765625,32.620202226747715,0.9376706354082028
t002.png,"(7,4)/(7,7)",0.18007425128517754,real_esrgan,0.828125,0.658203125,30.09509706513628,29.590185292042555,0.9395944926771408,0.9312751101124898,0.13243315594181895,0.83203125,0.083984375,30.098379679682278,0.9396261613853848
t002.png,"(7,4)/(7,7)",0.18007425128517754,jpeg_compression_q50,0.59765625,0.998046875,31.89445913468717,31.55754967683077,0.9148587490608207,0.8950984110721804,0.13243315594181895,0.59765625,0.201171875,31.89403523171919,0.9148520860293025
t002.png,"(7,4)/(7,7)",0.18007425128517754,gaussian_blur_5x5,0.98828125,0.94921875,30.86713388848711,30.70373800201289,0.9273315323390254,0.9193268255265946,0.13243315594181895,0.990234375,0.0048828125,30.86702998773553,0.9273274570160245
t003.png,"(4,7)/(5,7)",0.08002656275991026,real_esrgan,0.775390625,0.734375,31.548571036864693,31.201172594838393,0.9066122758640364,0.8998794659511433,0.1482694482738143,0.779296875,0.1103515625,31.547146837651248,0.9065060775952799
t003.png,"(4,7)/(5,7)",0.08002656275991026,jpeg_compression_q50,0.962890625,0.998046875,31.33518627057896,30.983518282473952,0.8747344060207406,0.8654076681701105,0.1482694482738143,0.96484375,0.017578125,31.33236450126517,0.8746775609370291
t003.png,"(4,7)/(5,7)",0.08002656275991026,gaussian_blur_5x5,0.9765625,0.904296875,29.765893045541617,29.5483799262054,0.851708551543625,0.8430805547127683,0.1482694482738143,0.98046875,0.009765625,29.765701532012343,0.8517077110858152
t004.png,"(7,4)/(7,7)",0.20959042178713083,real_esrgan,0.740234375,0.5625,23.484004174539276,23.263403593342137,0.871687071771611,0.8634727873011251,0.2207735021706,0.748046875,0.1259765625,23.48606940709405,0.8716990712651088
t004.png,"(7,4)/(7,7)",0.20959042178713083,jpeg_compression_q50,0.74609375,1.0,31.983690059762022,31.59880965915956,0.9219717267560985,0.908528809765933,0.2207735021706,0.74609375,0.126953125,31.98006819615574,0.9219193329287915
t004.png,"(7,4)/(7,7)",0.20959042178713083,gaussian_blur_5x5,0.984375,0.943359375,25.543177896369208,25.484837729159196,0.8194287805875295,0.8129389394386947,0.2207735021706,0.984375,0.0078125,25.54302737188449,0.8194265611290708
t005.png,"(7,4)/(7,7)",0.22160819824542993,real_esrgan,0.875,0.81640625,29.001656539397885,28.856097469460178,0.8614726283209603,0.857797262705541,0.1748866268607206,0.876953125,0.0615234375,28.997988177396596,0.8612878650428007
t005.png,"(7,4)/(7,7)",0.22160819824542993,jpeg_compression_q50,0.876953125,1.0,29.88351374923175,29.702282474849547,0.8441273532873264,0.8341139480753633,0.1748866268607206,0.8828125,0.05859375,29.8789265073486,0.8440483793281904
t005.png,"(7,4)/(7,7)",0.22160819824542993,gaussian_blur_5x5,0.97265625,0.947265625,28.16537122340096,28.066481231833983,0.8188622834092278,0.8114475364363622,0.1748866268607206,0.978515625,0.0107421875,28.165121184753094,0.8188553084587086
t006.png,"(7,4)/(7,7)",0.17547900947000783,real_esrgan,0.85546875,0.80078125,31.067170295199563,30.71822058662786,0.9266936710048655,0.91972916830422,0.12781924737909023,0.857421875,0.0712890625,31.066658793204272,0.9266757389377531
t006.png,"(7,4)/(7,7)",0.17547900947000783,jpeg_compression_q50,0.708984375,1.0,33.67040008894947,33.23588524935011,0.9063963204962815,0.8879909564568363,0.12781924737909023,0.708984375,0.1455078125,33.669073689744536,0.9063662861907554
t006.png,"(7,4)/(7,7)",0.17547900947000783,gaussian_blur_5x5,0.998046875,0.958984375,32.31004773807228,32.113562023965734,0.9174375889884888,0.9090565607094248,0.12781924737909023,0.998046875,0.0009765625,32.310019838119935,0.9174395454262415
t007.png,"(4,7)/(5,7)",0.23798422196815644,real_esrgan,0.88671875,0.833984375,27.22319748281642,27.10375622548956,0.8310904789425259,0.833540504169465,0.23684539860453552,0.888671875,0.0556640625,27.212999843031774,0.8306278537708862
t007.png,"(4,7)/(5,7)",0.23798422196815644,jpeg_compression_q50,0.962890625,1.0,26.586832046303606,26.443500491301492,0.8320197992574095,0.8256392775483392,0.23684539860453552,0.97265625,0.013671875,26.578458420535497,0.831664573726487
t007.png,"(4,7)/(5,7)",0.23798422196815644,gaussian_blur_5x5,0.908203125,0.853515625,24.439616909939666,24.360756193018663,0.728649961763165,0.7221665700403866,0.23684539860453552,0.9296875,0.03515625,24.438799025632107,0.7286037511844446
t008.png,"(7,4)/(7,7)",0.20067231130062976,real_esrgan,0.7265625,0.78515625,31.696015795594597,31.67008932355554,0.8319919316706468,0.8350989646438798,0.1477501281631743,0.720703125,0.1396484375,31.693766912708146,0.8318940104017246
t008.png,"(7,4)/(7,7)",0.20067231130062976,jpeg_compression_q50,0.869140625,1.0,32.22082395189017,32.05257351239911,0.8379823193425756,0.8282594784912422,0.1477501281631743,0.875,0.0625,32.21678597218186,0.8378069203803887
t008.png,"(7,4)/(7,7)",0.20067231130062976,gaussian_blur_5x5,0.978515625,0.98828125,31.668330410113835,31.54239003651854,0.8389682391237105,0.8317537894975463,0.1477501281631743,0.982421875,0.0087890625,31.668120540560977,0.838957303643855
t009.png,"(4,7)/(5,7)",0.12405079767384306,real_esrgan,0.69140625,0.6171875,31.95107973385213,31.44796100310164,0.9400758180207313,0.9326268242721416,0.12489146375688609,0.697265625,0.1513671875,31.951542651215092,0.9400763562762559
t009.png,"(4,7)/(5,7)",0.12405079767384306,jpeg_compression_q50,0.5234375,1.0,35.3099359777552,34.09028449886835,0.9225506152932862,0.8956465639463924,0.12489146375688609,0.51953125,0.240234375,35.310069810086645,0.9225694721890564
t009.png,"(4,7)/(5,7)",0.12405079767384306,gaussian_blur_5x5,0.9921875,0.9140625,31.10164642416166,30.77414079638391,0.9290012064258312,0.917970688598441,0.12489146375688609,0.9921875,0.00390625,31.101740659822276,0.9289980265728205
t010.png,"(4,7)/(5,7)",0.11139043470247356,real_esrgan,0.775390625,0.71875,33.538219754567386,32.810543460218064,0.9389448159532741,0.9295864189185548,0.10853177728580143,0.7734375,0.11328125,33.53894714811961,0.9389495086608641
t010.png,"(4,7)/(5,7)",0.11139043470247356,jpeg_compression_q50,0.591796875,1.0,35.46848027583721,34.87866341829318,0.9190041630264969,0.8986068633408348,0.10853177728580143,0.59375,0.203125,35.46926352439773,0.9190020911617923
t010.png,"(4,7)/(5,7)",0.11139043470247356,gaussian_blur_5x5,0.998046875,0.97265625,33.9359604343709,33.705264831418305,0.9264166328077192,0.9180661184897072,0.10853177728580143,0.998046875,0.0009765625,33.935727325549884,0.9264132051294767
t011.png,"(7,4)/(7,7)",0.197224921131246,real_esrgan,0.8046875,0.791015625,31.566725744514894,30.99850721475438,0.9150247898528434,0.9072809326066396,0.12986905610510802,0.810546875,0.0947265625,31.56554011935306,0.9150086771683196
t011.png,"(7,4)/(7,7)",0.197224921131246,jpeg_compression_q50,0.736328125,1.0,33.968033628888556,33.59117606522266,0.8955087239432343,0.8807406772733087,0.12986905610510802,0.7421875,0.12890625,33.96617942125866,0.8954488708765028
t011.png,"(7,4)/(7,7)",0.197224921131246,gaussian_blur_5x5,0.998046875,0.96875,33.07795848124652,32.8837381757886,0.9154136445866733,0.9075381901422412,0.12986905610510802,0.998046875,0.0009765625,33.077689186389016,0.915408297948158
t012.png,"(7,4)/(7,7)",0.18719315238896797,real_esrgan,0.75390625,0.779296875,34.54704159314239,33.797341087675846,0.9158724815098075,0.911313595954481,0.10591988653114118,0.75390625,0.123046875,34.54731163098489,0.9158721199728733
t012.png,"(7,4)/(7,7)",0.18719315238896797,jpeg_compression_q50,0.728515625,1.0,35.78249393034535,35.23403943042552,0.899210100638514,0.8828135142472441,0.10591988653114118,0.728515625,0.1357421875,35.78239552726963,0.8992028066702921
t012.png,"(7,4)/(7,7)",0.18719315238896797,gaussian_blur_5x5,0.994140625,0.982421875,34.14583394937554,33.92840978531823,0.9175129290625638,0.9091705119095294,0.10591988653114118,0.994140625,0.0029296875,34.14566143539502,0.9175086996091858
t013.png,"(4,7)/(5,7)",0.20217270757314126,real_esrgan,0.984375,0.978515625,25.65745943524068,25.466838993605545,0.8896495649868091,0.8850913674364825,0.30000000000000004,0.990234375,0.0048828125,25.639640747576955,0.8887593229114376
t013.png,"(4,7)/(5,7)",0.20217270757314126,jpeg_compression_q50,0.9296875,1.0,27.239783470967723,27.001827151350497,0.8855024440212137,0.8792348630058034,0.30000000000000004,0.966796875,0.0166015625,27.223377662410467,0.8851319832749661
t013.png,"(4,7)/(5,7)",0.20217270757314126,gaussian_blur_5x5,0.92578125,0.822265625,25.106410916630622,24.981401655158923,0.7628089212880659,0.755463385821538,0.30000000000000004,0.953125,0.0234375,25.105335260315886,0.7627712211616592
t014.png,"(4,7)/(5,7)",0.22933867397748336,real_esrgan,0.75,0.72265625,29.00120785359689,28.874007000846703,0.8681581337722721,0.8665012290965897,0.1931269262448208,0.73828125,0.130859375,28.998393979286075,0.8679954434622866
t014.png,"(4,7)/(5,7)",0.22933867397748336,jpeg_compression_q50,0.962890625,1.0,29.195684779245774,28.97256677234875,0.8478786794302312,0.8379422000388238,0.1931269262448208,0.978515625,0.0107421875,29.191062952298964,0.847635047407237
t014.png,"(4,7)/(5,7)",0.22933867397748336,gaussian_blur_5x5,0.978515625,0.90625,28.130216402752815,27.979157446063564,0.8347249495817319,0.8251538960204003,0.1931269262448208,0.98046875,0.009765625,28.129573792054806,0.8346957874603308
t015.png,"(7,4)/(7,7)",0.14619969646312486,real_esrgan,0.583984375,0.54296875,26.174269057529663,26.20121446611267,0.8687289949875682,0.8700836832124357,0.2647038671579552,0.59765625,0.201171875,26.16143143960839,0.8682596230245988
t015.png,"(7,4)/(7,7)",0.14619969646312486,jpeg_compression_q50,0.908203125,1.0,28.774903280522665,28.36773457085767,0.880826365575922,0.8683409927853072,0.2647038671579552,0.921875,0.0390625,28.765416202938372,0.8805591165786139
t015.png,"(7,4)/(7,7)",0.14619969646312486,gaussian_blur_5x5,0.89453125,0.783203125,26.644700054467243,26.441392854216417,0.8049238089693457,0.7933396534950073,0.2647038671579552,0.919921875,0.0400390625,26.64420821842057,0.8048978769010903
t016.png,"(4,7)/(5,7)",0.21494086844805832,real_esrgan,0.853515625,0.755859375,27.232432603491283,27.129585588134496,0.8021210893560026,0.80088746811067,0.27670466508721836,0.859375,0.0703125,27.215826434212453,0.8013157045143456
t016.png,"(4,7)/(5,7)",0.21494086844805832,jpeg_compression_q50,0.947265625,1.0,27.632229523326615,27.467965021305595,0.8416836184304547,0.8352120660853593,0.27670466508721836,0.966796875,0.0166015625,27.622621889195603,0.8413014326896538
t016.png,"(4,7)/(5,7)",0.21494086844805832,gaussian_blur_5x5,0.96484375,0.8828125,25.872709019385113,25.77743038602158,0.7284276337396919,0.7215107950676818,0.27670466508721836,0.978515625,0.0107421875,25.87171172588657,0.7283789540309006
t017.png,"(4,7)/(5,7)",0.2119842473265831,real_esrgan,0.978515625,0.955078125,25.763874280478962,25.63460108805599,0.8030726243179029,0.8007649552585699,0.2317415221115624,0.98828125,0.005859375,25.752132311931298,0.8026296055850959
t017.png,"(4,7)/(5,7)",0.2119842473265831,jpeg_compression_q50,0.943359375,0.998046875,25.93311120694785,25.801725361513125,0.7951322269144643,0.7906614526937932,0.2317415221115624,0.96484375,0.017578125,25.927057221001366,0.7949443641810235
t017.png,"(4,7)/(5,7)",0.2119842473265831,gaussian_blur_5x5,0.89453125,0.826171875,24.95387007657566,24.85250401618878,0.7672340884352667,0.7603141590463172,0.2317415221115624,0.91796875,0.041015625,24.95359830319793,0.7672270175631354
t018.png,"(7,4)/(7,7)",0.20259444084075295,real_esrgan,0.78515625,0.681640625,31.600846960142572,31.26630927777012,0.9431036993288671,0.9375004253078136,0.13577175712910008,0.78515625,0.107421875,31.60127265910946,0.9430866348700957
t018.png,"(7,4)/(7,7)",0.20259444084075295,jpeg_compression_q50,0.740234375,0.994140625,32.08481948540221,31.733766573178805,0.9141351386327118,0.8991129919406822,0.13577175712910008,0.7421875,0.12890625,32.08350095002028,0.9141148081185925
t018.png,"(7,4)/(7,7)",0.20259444084075295,gaussian_blur_5x5,0.978515625,0.91796875,30.775726482285314,30.591816245971497,0.9253335453723442,0.9170595955913572,0.13577175712910008,0.978515625,0.0107421875,30.775666881697468,0.9253324277364471
t019.png,"(4,7)/(5,7)",0.17726153730427124,real_esrgan,0.833984375,0.634765625,30.664292943795072,30.351634681804683,0.9173025341197686,0.9084715236763448,0.15756194890408576,0.828125,0.0859375,30.663808547799484,0.9172530344582741
t019.png,"(4,7)/(5,7)",0.17726153730427124,jpeg_compression_q50,0.8671875,1.0,31.510285456559824,31.15106557604041,0.8900643698123578,0.8740476506604367,0.15756194890408576,0.873046875,0.0634765625,31.505981453711303,0.8898570566271777
t019.png,"(4,7)/(5,7)",0.17726153730427124,gaussian_blur_5x5,0.986328125,0.927734375,28.621760849066476,28.481215288104806,0.8888828516159347,0.8784700108048339,0.15756194890408576,0.98828125,0.005859375,28.621632362424904,0.8888693742734429
t020.png,"(4,7)/(5,7)",0.20460350820430903,real_esrgan,0.80859375,0.728515625,28.296897035848584,28.13039204818715,0.8741316574147766,0.8703547252586331,0.18599017843178772,0.818359375,0.0908203125,28.294862260767527,0.8738937003899019
t020.png,"(4,7)/(5,7)",0.20460350820430903,jpeg_compression_q50,0.931640625,1.0,29.04824640976839,28.84069253219282,0.848593229249751,0.8399526252485178,0.18599017843178772,0.935546875,0.0322265625,29.04404999334283,0.848425076487222
t020.png,"(4,7)/(5,7)",0.20460350820430903,gaussian_blur_5x5,0.986328125,0.888671875,27.881622327035245,27.749667234994313,0.8310096872294525,0.8231368734848622,0.18599017843178772,0.98828125,0.005859375,27.88132026688654,0.8309981229145443
t021.png,"(4,7)/(5,7)",0.1794114802044888,real_esrgan,0.810546875,0.63671875,28.59590615451865,28.443640641145365,0.8992640453981138,0.8970193677367955,0.19847715427604468,0.81640625,0.091796875,28.589428069758828,0.8990338888384835
t021.png,"(4,7)/(5,7)",0.1794114802044888,jpeg_compression_q50,0.93359375,1.0,28.21528105028005,27.911283447086205,0.8664387410015131,0.856039502347882,0.19847715427604468,0.939453125,0.0302734375,28.211382057338167,0.8662638312882333
t021.png,"(4,7)/(5,7)",0.1794114802044888,gaussian_blur_5x5,0.94921875,0.79296875,26.13355012944243,25.973379951937385,0.8316450590548795,0.8228105538406602,0.19847715427604468,0.966796875,0.0166015625,26.133293700145135,0.8316319485743805
t022.png,"(4,7)/(5,7)",0.1949264051726634,real_esrgan,0.974609375,0.908203125,27.13744140387316,26.99469742274855,0.8637773145594424,0.8610681385629563,0.2215938321065521,0.974609375,0.0126953125,27.128164143747675,0.8633408487964803
t022.png,"(4,7)/(5,7)",0.1949264051726634,jpeg_compression_q50,0.96875,1.0,27.661182447989226,27.4986157049834,0.8390843687146345,0.8326757658090593,0.2215938321065521,0.974609375,0.0126953125,27.652234328616366,0.8388567556495845
t022.png,"(4,7)/(5,7)",0.1949264051726634,gaussian_blur_5x5,0.94140625,0.908203125,25.727298321549164,25.630190616346095,0.7699473970185714,0.7629569403086052,0.2215938321065521,0.95703125,0.021484375,25.726791047696615,0.769901907265827
t023.png,"(4,7)/(5,7)",0.193673882376603,real_esrgan,0.9140625,0.826171875,27.235333793666182,27.097041793857283,0.8829355800428923,0.8798149692528755,0.21275828441930159,0.916015625,0.0419921875,27.23088472057679,0.8827124888145749
t023.png,"(4,7)/(5,7)",0.193673882376603,jpeg_compression_q50,0.8828125,0.998046875,28.466380601567085,28.275534649079287,0.876414151192359,0.8662611786435442,0.21275828441930159,0.88671875,0.056640625,28.460542711987085,0.8761130628640023
t023.png,"(4,7)/(5,7)",0.193673882376603,gaussian_blur_5x5,0.97265625,0.8828125,26.282387736315314,26.18503753332702,0.8327736107546254,0.8255302779347408,0.21275828441930159,0.974609375,0.0126953125,26.282029464303722,0.8327399611094304
t024.png,"(6,7)/(7,5)",0.1944481808007258,real_esrgan,0.65625,0.640625,30.168095907137783,30.045632387572745,0.9155105322935264,0.9133393502366028,0.17549354703315684,0.662109375,0.1689453125,30.161410908445937,0.9153668357091266
t024.png,"(6,7)/(7,5)",0.1944481808007258,jpeg_compression_q50,0.84375,1.0,30.588045371996643,30.179251520896052,0.8939422691952511,0.8811835465541179,0.17549354703315684,0.853515625,0.0732421875,30.57824506317576,0.8937545268300352
t024.png,"(6,7)/(7,5)",0.1944481808007258,gaussian_blur_5x5,0.958984375,0.865234375,28.032283642774992,27.851487774610405,0.8651595870703543,0.8563516076201362,0.17549354703315684,0.966796875,0.0166015625,28.032822768004134,0.8651757022576163
t025.png,"(4,7)/(5,7)",0.17338498238476538,real_esrgan,0.712890625,0.603515625,28.940842596916468,28.78273878742715,0.7764945666578997,0.7757613269902554,0.21716650514416808,0.7109375,0.14453125,28.935863095414348,0.7761562238765718
t025.png,"(4,7)/(5,7)",0.17338498238476538,jpeg_compression_q50,0.958984375,1.0,29.830014772872048,29.52490654251035,0.8343066753885733,0.8235157061158406,0.21716650514416808,0.962890625,0.0185546875,29.82401773000916,0.8340974205344409
t025.png,"(4,7)/(5,7)",0.17338498238476538,gaussian_blur_5x5,0.990234375,0.892578125,28.22940641680689,28.05671099667638,0.8132810507363946,0.8040812702014194,0.21716650514416808,0.994140625,0.0029296875,28.229108264692442,0.8132643676405232
t026.png,"(4,7)/(5,7)",0.18802930073996127,real_esrgan,0.748046875,0.640625,33.34162837727368,32.44424251684744,0.9323951775499763,0.9240981362139958,0.10702829841554698,0.748046875,0.1259765625,33.34165147542975,0.9323912697447003
t026.png,"(4,7)/(5,7)",0.18802930073996127,jpeg_compression_q50,0.626953125,0.998046875,33.851510671012974,33.4637922667728,0.9015711213920179,0.8845134969179757,0.10702829841554698,0.625,0.1875,33.85135131613319,0.9015601357884426
t026.png,"(4,7)/(5,7)",0.18802930073996127,gaussian_blur_5x5,0.998046875,0.9765625,32.74578329442125,32.57507882381164,0.9368622892574124,0.9290836873965316,0.10702829841554698,0.998046875,0.0009765625,32.745730874987416,0.9368608217132349
t027.png,"(4,7)/(5,7)",0.24239608814932423,real_esrgan,0.85546875,0.82421875,31.308352991726235,31.128872806168708,0.8529534780061128,0.8441460799540982,0.14274200111749208,0.859375,0.0703125,31.30867175618343,0.8528922430051433
t027.png,"(4,7)/(5,7)",0.24239608814932423,jpeg_compression_q50,0.919921875,0.994140625,31.452502712623676,31.275344760693745,0.8308808122929734,0.820562779121308,0.14274200111749208,0.921875,0.0390625,31.450763076119443,0.8308292758805091
t027.png,"(4,7)/(5,7)",0.24239608814932423,gaussian_blur_5x5,0.994140625,0.974609375,32.98313127866576,32.78042672228482,0.8949057050284911,0.8863918134033915,0.14274200111749208,0.994140625,0.0029296875,32.983252811737465,0.8949036138538539
t028.png,"(4,7)/(5,7)",0.24070729990264889,real_esrgan,0.697265625,0.490234375,30.348333728673182,30.018775190003417,0.8575152174406083,0.8513229392018645,0.14235251161387344,0.69140625,0.154296875,30.346892954669894,0.8574901349074994
t028.png,"(4,7)/(5,7)",0.24070729990264889,jpeg_compression_q50,0.859375,1.0,33.050778186416224,32.841187260992854,0.8631111330545789,0.8526137279411202,0.14235251161387344,0.86328125,0.068359375,33.04959521712743,0.8630710092207238
t028.png,"(4,7)/(5,7)",0.24070729990264889,gaussian_blur_5x5,1.0,0.998046875,33.8438844823883,33.68205972686595,0.9021653114224314,0.8957576430655642,0.14235251161387344,1.0,0.0,33.84367396094946,0.9021568032738913
t029.png,"(4,7)/(5,7)",0.2170249778984065,real_esrgan,0.921875,0.904296875,28.521644774335368,28.265410312627747,0.9261705572211603,0.9226964646586762,0.20877608534952657,0.9296875,0.03515625,28.514841986518196,0.9259719797475768
t029.png,"(4,7)/(5,7)",0.2170249778984065,jpeg_compression_q50,0.9375,0.998046875,27.407495350821396,27.188271531970724,0.8831764920514686,0.8759522982601357,0.20877608534952657,0.9453125,0.02734375,27.40137517089691,0.8829854587227376
t029.png,"(4,7)/(5,7)",0.2170249778984065,gaussian_blur_5x5,0.9453125,0.82421875,25.1467527452747,25.037418546612503,0.7858608342676355,0.7791183377894275,0.20877608534952657,0.951171875,0.0244140625,25.14614973082939,0.7858208771715067
t030.png,"(7,4)/(7,7)",0.18054181768982555,real_esrgan,0.76953125,0.681640625,31.69089890575995,31.55214134983087,0.9139409159520295,0.911565601445875,0.1340851801288178,0.76953125,0.115234375,31.689852589949325,0.9139148814773645
t030.png,"(7,4)/(7,7)",0.18054181768982555,jpeg_compression_q50,0.78515625,1.0,34.49901088916947,34.03581815937577,0.9058058505574582,0.8896285126082697,0.1340851801288178,0.78515625,0.107421875,34.49918199249859,0.90579411975811
t030.png,"(7,4)/(7,7)",0.18054181768982555,gaussian_blur_5x5,0.9921875,0.96484375,34.50149673762942,34.18151629384135,0.9383058283171275,0.9290750964972924,0.1340851801288178,0.9921875,0.00390625,34.501672009528434,0.9383080828521001
t031.png,"(4,7)/(5,7)",0.18969128241213373,real_esrgan,0.83984375,0.6484375,31.699104197924314,31.09822008691133,0.9152559813801674,0.9056563328241964,0.11630779932653565,0.83984375,0.080078125,31.698557039115677,0.9152415967578404
t031.png,"(4,7)/(5,7)",0.18969128241213373,jpeg_compression_q50,0.65625,0.998046875,34.38391142871224,33.99802789057815,0.8937000443008568,0.878661758261941,0.11630779932653565,0.65625,0.171875,34.383438845556626,0.8936981289413332
t031.png,"(4,7)/(5,7)",0.18969128241213373,gaussian_blur_5x5,0.998046875,0.982421875,31.81550521555995,31.68102297250052,0.9092790247470965,0.9019849612920688,0.11630779932653565,0.998046875,0.0009765625,31.815477480419567,0.9092790999119348
t032.png,"(4,7)/(5,7)",0.11785789623311566,real_esrgan,0.650390625,0.62109375,29.168468391037333,29.132124050766578,0.9151707428526282,0.9096836178798626,0.15537204946093605,0.654296875,0.1728515625,29.168943602349803,0.9151538662787267
t032.png,"(4,7)/(5,7)",0.11785789623311566,jpeg_compression_q50,0.673828125,1.0,33.9571384349006,33.402311275585284,0.9211425396845613,0.9049737243084388,0.15537204946093605,0.68359375,0.158203125,33.948954842713334,0.9210282388549066
t032.png,"(4,7)/(5,7)",0.11785789623311566,gaussian_blur_5x5,0.978515625,0.943359375,29.21853632125265,29.08602806296482,0.8663236700041136,0.8585854727064405,0.15537204946093605,0.982421875,0.0087890625,29.218426009627287,0.8663202372357942
t033.png,"(7,4)/(7,7)",0.23847506860986137,real_esrgan,0.80078125,0.751953125,30.970191321008244,30.909739286451632,0.772479105460277,0.7719421417171152,0.1735391525853573,0.783203125,0.1083984375,30.967325916952046,0.7723940539841966
t033.png,"(7,4)/(7,7)",0.23847506860986137,jpeg_compression_q50,0.921875,1.0,31.51759680388099,31.388303483185776,0.8107362855036934,0.8025352996296186,0.1735391525853573,0.921875,0.0390625,31.51254414698574,0.8105747971507312
t033.png,"(7,4)/(7,7)",0.23847506860986137,gaussian_blur_5x5,0.98828125,0.9921875,30.785789784698558,30.685555809400448,0.792018776395186,0.7852144511382447,0.1735391525853573,0.98828125,0.005859375,30.78557088194859,0.7919993187512139
t034.png,"(4,7)/(5,7)",0.22798652995230848,real_esrgan,0.96484375,0.951171875,28.784392640437268,28.579706244465104,0.9037976030775706,0.8997170795755243,0.20145693309050322,0.96875,0.015625,28.777793181877126,0.9036090896253417
t034.png,"(4,7)/(5,7)",0.22798652995230848,jpeg_compression_q50,0.9453125,0.99609375,28.327032212576093,28.10062578967397,0.889071445675067,0.8830366393133254,0.20145693309050322,0.9609375,0.01953125,28.320399879569397,0.8889102694296037
t034.png,"(4,7)/(5,7)",0.22798652995230848,gaussian_blur_5x5,0.974609375,0.833984375,27.08667891782664,26.93753065548604,0.8346018886554355,0.8281896373091083,0.20145693309050322,0.98046875,0.009765625,27.086038359059504,0.8345781286928489
t035.png,"(4,7)/(5,7)",0.20179863693396033,real_esrgan,0.841796875,0.63671875,25.910119516821524,25.55452243590026,0.9053601378404016,0.8976951353547671,0.22472492703566016,0.837890625,0.0810546875,25.911731137313513,0.9052530156847661
t035.png,"(4,7)/(5,7)",0.20179863693396033,jpeg_compression_q50,0.87109375,1.0,29.28001940742532,28.95147953946585,0.8817201076932193,0.8732423485699673,0.22472492703566016,0.892578125,0.0537109375,29.274433673999024,0.8815377254916449
t035.png,"(4,7)/(5,7)",0.20179863693396033,gaussian_blur_5x5,0.986328125,0.810546875,26.437979230221067,26.308034963420894,0.8680804672835377,0.8612001374475261,0.22472492703566016,0.990234375,0.0048828125,26.43804056228948,0.8680799999458354
t036.png,"(4,7)/(5,7)",0.2033060655136997,real_esrgan,0.8828125,0.875,27.70820710933082,27.342889045772164,0.9433163304687412,0.9368846204556128,0.21017728734148228,0.884765625,0.0576171875,27.698780202661062,0.9431714358243096
t036.png,"(4,7)/(5,7)",0.2033060655136997,jpeg_compression_q50,0.85546875,1.0,27.02219429993855,26.734765502915423,0.90385381760894,0.8943702707972546,0.21017728734148228,0.859375,0.0703125,27.0163532094543,0.9037418038486985
t036.png,"(4,7)/(5,7)",0.2033060655136997,gaussian_blur_5x5,0.92578125,0.763671875,24.87723423836643,24.740466573206263,0.8428636140709811,0.8356507579579571,0.21017728734148228,0.9375,0.03125,24.87705130658297,0.8428507584186501
t037.png,"(4,7)/(5,7)",0.2090504695784133,real_esrgan,0.87109375,0.841796875,27.50738777308848,27.34163434601641,0.8661199309803287,0.8633470009107835,0.2233193757557393,0.873046875,0.0634765625,27.497757381262943,0.8655957233427628
t037.png,"(4,7)/(5,7)",0.2090504695784133,jpeg_compression_q50,0.91015625,1.0,27.59865786164745,27.408859483121383,0.849113150219968,0.8404274849461153,0.2233193757557393,0.923828125,0.0380859375,27.593092795123617,0.8489645036116841
t037.png,"(4,7)/(5,7)",0.2090504695784133,gaussian_blur_5x5,0.94921875,0.849609375,26.653733523672717,26.52026849763389,0.7954894609026674,0.7884045661982504,0.2233193757557393,0.955078125,0.0224609375,26.653117545718203,0.7954605340307938
t038.png,"(7,4)/(7,7)",0.20908818576172114,real_esrgan,0.86328125,0.857421875,29.436045849876148,29.21325791279407,0.846890817023911,0.8418029352168777,0.18089081600894524,0.87109375,0.064453125,29.434033435386592,0.84674157173645
t038.png,"(7,4)/(7,7)",0.20908818576172114,jpeg_compression_q50,0.919921875,1.0,31.33841797006386,31.08850718070274,0.8546481061676561,0.8453154093693481,0.18089081600894524,0.92578125,0.037109375,31.33458620247971,0.8545426942715695
t038.png,"(7,4)/(7,7)",0.20908818576172114,gaussian_blur_5x5,0.96484375,0.943359375,29.809742459603182,29.66835221955584,0.8145480714115649,0.8069566513590244,0.18089081600894524,0.966796875,0.0166015625,29.809541931085846,0.8145446143066676
t039.png,"(7,5)/(7,7)",0.22250415124107473,real_esrgan,0.728515625,0.623046875,29.683816828127693,29.676716426030342,0.8379815476115829,0.8402843130451124,0.18208790379328227,0.734375,0.1328125,29.67879806768765,0.8377212957705539
t039.png,"(7,5)/(7,7)",0.22250415124107473,jpeg_compression_q50,0.978515625,0.99609375,28.95008399106484,28.835443773245988,0.8234413511782398,0.8171529721576282,0.18208790379328227,0.98046875,0.009765625,28.944983247399993,0.8232312762880293
t039.png,"(7,5)/(7,7)",0.22250415124107473,gaussian_blur_5x5,0.982421875,0.94140625,29.808121751909624,29.677532593888124,0.8525757381688437,0.845798462397726,0.18208790379328227,0.986328125,0.0068359375,29.807704116622723,0.8525626754950579
t040.png,"(4,7)/(5,7)",0.21726129435082397,real_esrgan,0.943359375,0.921875,27.987412362824156,27.889629910167287,0.8705961048808497,0.868590573570116,0.19257400426038757,0.943359375,0.0283203125,27.97942110965508,0.8703076751224802
t040.png,"(4,7)/(5,7)",0.21726129435082397,jpeg_compression_q50,0.931640625,1.0,28.288484873079398,28.153888871533866,0.8352847574173833,0.8292186170002322,0.19257400426038757,0.935546875,0.0322265625,28.284645732002662,0.8351065282494795
t040.png,"(4,7)/(5,7)",0.21726129435082397,gaussian_blur_5x5,0.98046875,0.923828125,27.893382646695976,27.786166858168315,0.7932331436676495,0.7872913160509646,0.19257400426038757,0.984375,0.0078125,27.89315913205215,0.7932239495030006
t041.png,"(7,4)/(7,7)",0.20627879951749337,real_esrgan,0.892578125,0.845703125,29.078876642977928,28.881981844071,0.8705410916375454,0.8669011960085703,0.17404128371607935,0.89453125,0.052734375,29.07935410531067,0.8704149671265021
t041.png,"(7,4)/(7,7)",0.20627879951749337,jpeg_compression_q50,0.865234375,1.0,30.861523902240066,30.638798205457977,0.8571340646502602,0.8468281269050176,0.17404128371607935,0.8671875,0.06640625,30.8594841311018,0.8570390178840324
t041.png,"(7,4)/(7,7)",0.20627879951749337,gaussian_blur_5x5,0.990234375,0.96484375,29.571623350536743,29.448321109479817,0.8329792375852639,0.8259153973336066,0.17404128371607935,0.994140625,0.0029296875,29.57164004858368,0.8329802837202304
t042.png,"(4,7)/(5,7)",0.22321153714663358,real_esrgan,0.865234375,0.80859375,28.232623615033205,28.044890844955916,0.8859339665466696,0.8826965542791303,0.19276462089151603,0.8671875,0.06640625,28.2297048718686,0.8857981661479878
t042.png,"(4,7)/(5,7)",0.22321153714663358,jpeg_compression_q50,0.9140625,0.9921875,28.50258136868618,28.28249241991471,0.8595144352748573,0.8523104098122855,0.19276462089151603,0.92578125,0.037109375,28.498680243338747,0.8593536265554605
t042.png,"(4,7)/(5,7)",0.22321153714663358,gaussian_blur_5x5,0.990234375,0.896484375,27.07682937425812,26.947942844987356,0.831273114889349,0.8245563602164884,0.19276462089151603,0.9921875,0.00390625,27.076470235493282,0.8312553798634407
t043.png,"(4,7)/(5,7)",0.21885920496303246,real_esrgan,0.896484375,0.841796875,27.100458129462762,26.92212644346584,0.8428104188099406,0.8405788846263299,0.22489627567890758,0.900390625,0.0498046875,27.09498298837524,0.8424051843109405
t043.png,"(4,7)/(5,7)",0.21885920496303246,jpeg_compression_q50,0.8984375,1.0,27.86522818468814,27.669336932618982,0.8502335014782941,0.8426782178399104,0.22489627567890758,0.908203125,0.0458984375,27.859448341138627,0.8500876700717915
t043.png,"(4,7)/(5,7)",0.21885920496303246,gaussian_blur_5x5,0.978515625,0.865234375,26.646323653897277,26.52224547173926,0.7976576163128012,0.7909490764234217,0.22489627567890758,0.982421875,0.0087890625,26.64615510303281,0.7976543454451227
t044.png,"(4,7)/(5,7)",0.18591748416871196,real_esrgan,0.541015625,0.6171875,30.18616350791868,29.359377967972744,0.9234668780889178,0.9156491833042336,0.13965178707688922,0.537109375,0.2314453125,30.186074685538877,0.9234246078030068
t044.png,"(4,7)/(5,7)",0.18591748416871196,jpeg_compression_q50,0.8046875,0.998046875,32.00172026896545,31.645435593105542,0.8967012700216425,0.8825990717310795,0.13965178707688922,0.8046875,0.09765625,32.003191598018454,0.8966836606170302
t044.png,"(4,7)/(5,7)",0.18591748416871196,gaussian_blur_5x5,0.990234375,0.9375,30.084400923917528,29.920877156156564,0.8858733699881632,0.8778918122807443,0.13965178707688922,0.990234375,0.0048828125,30.084694917157435,0.8858733290445464
t045.png,"(4,7)/(5,7)",0.2067414920024924,real_esrgan,0.939453125,0.912109375,26.899493225684957,26.786144296104897,0.8137570232713692,0.8127565803697924,0.21085866013455853,0.94921875,0.025390625,26.88888664473616,0.813265333931597
t045.png,"(4,7)/(5,7)",0.2067414920024924,jpeg_compression_q50,0.94921875,0.998046875,27.22435235702639,27.089338335864316,0.7860633941088685,0.78008362262636,0.21085866013455853,0.95703125,0.021484375,27.218419425193577,0.7858472830583964
t045.png,"(4,7)/(5,7)",0.2067414920024924,gaussian_blur_5x5,0.958984375,0.873046875,26.869445068439898,26.7548573770345,0.75956421386103,0.7518956326728822,0.21085866013455853,0.966796875,0.0166015625,26.868815895880907,0.7595214175877678
t046.png,"(4,7)/(5,7)",0.1954614294003949,real_esrgan,0.880859375,0.892578125,26.696274072453487,26.528536832100063,0.8730709251671526,0.8674077740124676,0.20069249423353452,0.890625,0.0546875,26.690825691065566,0.8728875402463053
t046.png,"(4,7)/(5,7)",0.1954614294003949,jpeg_compression_q50,0.88671875,0.998046875,26.622568970716344,26.464738894376264,0.843613734978502,0.8351261799761668,0.20069249423353452,0.900390625,0.0498046875,26.619195813066902,0.8434765671483939
t046.png,"(4,7)/(5,7)",0.1954614294003949,gaussian_blur_5x5,0.96484375,0.8203125,26.957553247880213,26.80494129804548,0.8251474066589427,0.816906424954586,0.20069249423353452,0.978515625,0.0107421875,26.95716236590352,0.8251264285287015
t047.png,"(4,7)/(5,7)",0.21342631350844113,real_esrgan,0.94921875,0.94140625,25.660389885147215,25.59244793102895,0.8377895060912378,0.8350922914502953,0.23448061501719375,0.958984375,0.0205078125,25.65330020245673,0.83743767987882
t047.png,"(4,7)/(5,7)",0.21342631350844113,jpeg_compression_q50,0.955078125,0.998046875,26.146416219965577,26.02318920805664,0.8177099532904007,0.8125439576988155,0.23448061501719375,0.9609375,0.01953125,26.140189996702688,0.8175549538339258
t047.png,"(4,7)/(5,7)",0.21342631350844113,gaussian_blur_5x5,0.955078125,0.85546875,26.041780148746412,25.93289054606008,0.7538609391882046,0.7474749192700347,0.23448061501719375,0.96484375,0.017578125,26.041378549730396,0.7538256194862646
t048.png,"(7,4)/(7,7)",0.17915674761080622,real_esrgan,0.775390625,0.80859375,33.26349433740224,33.0965449239019,0.9066377519122524,0.8964785579965845,0.1,0.775390625,0.1123046875,33.26349433740224,0.9066377519122524
t048.png,"(7,4)/(7,7)",0.17915674761080622,jpeg_compression_q50,0.564453125,1.0,33.41003232972335,33.11647280447964,0.8763904060567973,0.855022887095574,0.1,0.564453125,0.2177734375,33.41003232972335,0.8763904060567973
t048.png,"(7,4)/(7,7)",0.17915674761080622,gaussian_blur_5x5,1.0,0.998046875,34.74403399480988,34.57119618646424,0.9027458109007167,0.8947803979254029,0.1,1.0,0.0,34.74403399480988,0.9027458109007167
t049.png,"(4,7)/(5,7)",0.19862614244371388,real_esrgan,0.962890625,0.931640625,27.119566741520536,26.991924776356925,0.8706906958632702,0.868779439832867,0.18408673643406234,0.96875,0.015625,27.1164954202192,0.8705075242105978
t049.png,"(4,7)/(5,7)",0.19862614244371388,jpeg_compression_q50,0.8515625,1.0,27.72977524405789,27.611623856653697,0.8553985343056687,0.8472652025649667,0.18408673643406234,0.859375,0.0703125,27.725848625042953,0.8552681607692759
t049.png,"(4,7)/(5,7)",0.19862614244371388,gaussian_blur_5x5,0.951171875,0.921875,26.231842480918765,26.154877641666623,0.8168458493212106,0.8106700766745621,0.18408673643406234,0.958984375,0.0205078125,26.231069965786567,0.8168194612401866
t050.png,"(4,7)/(5,7)",0.20230265229907196,real_esrgan,0.9296875,0.896484375,25.965305017802017,25.77283643222083,0.9002757167870395,0.8950653599802054,0.2736651365716423,0.939453125,0.0302734375,25.951659310760267,0.8998823621074412
t050.png,"(4,7)/(5,7)",0.20230265229907196,jpeg_compression_q50,0.916015625,0.998046875,26.790564234610304,26.502206164398977,0.9024717502737923,0.8957093517274336,0.2736651365716423,0.939453125,0.0302734375,26.777921408792714,0.9022913655553833
t050.png,"(4,7)/(5,7)",0.20230265229907196,gaussian_blur_5x5,0.87109375,0.73828125,23.21277999527792,23.105579527694857,0.8073162643815693,0.8004844737941982,0.2736651365716423,0.8984375,0.05078125,23.212020940481427,0.8072709545780806
t051.png,"(4,7)/(5,7)",0.23868732856378688,real_esrgan,0.8671875,0.810546875,26.098764367959593,25.866322891925012,0.7853863958529802,0.7806399815255486,0.2217255947082496,0.873046875,0.0634765625,26.099697777441687,0.7852424967568604
t051.png,"(4,7)/(5,7)",0.23868732856378688,jpeg_compression_q50,0.955078125,0.998046875,28.579125328579625,28.384255945797054,0.8269021402313435,0.8209904442325429,0.2217255947082496,0.95703125,0.021484375,28.57561313801996,0.8267218249965268
t051.png,"(4,7)/(5,7)",0.23868732856378688,gaussian_blur_5x5,0.99609375,0.8828125,27.250359977759867,27.127460543307663,0.8124953890814065,0.8059583005354959,0.2217255947082496,0.99609375,0.001953125,27.250121413926397,0.8124851541234343
t052.png,"(4,7)/(5,7)",0.1970539100157168,real_esrgan,0.80859375,0.74609375,27.724380163116997,27.526316975336744,0.8427902249401695,0.8403951128477111,0.1664069395935745,0.810546875,0.0947265625,27.726098758198997,0.8427526868013967
t052.png,"(4,7)/(5,7)",0.1970539100157168,jpeg_compression_q50,0.86328125,0.935546875,29.29090575318253,29.19527853505024,0.8293519919709741,0.8240168364342497,0.1664069395935745,0.8671875,0.06640625,29.288081586898222,0.8292742694896544
t052.png,"(4,7)/(5,7)",0.1970539100157168,gaussian_blur_5x5,0.99609375,0.970703125,28.49586079043871,28.430312656575364,0.8053938752658735,0.8006165085078732,0.1664069395935745,0.99609375,0.001953125,28.4959394776371,0.80539061564911
t053.png,"(4,7)/(5,7)",0.21962077888559423,real_esrgan,0.962890625,0.916015625,26.535453689648815,26.42882470501721,0.8741355023290606,0.8719861571664657,0.2400787103589998,0.96484375,0.017578125,26.527638615292346,0.8737606827009899
t053.png,"(4,7)/(5,7)",0.21962077888559423,jpeg_compression_q50,0.958984375,0.998046875,26.218754331552795,26.107366665795393,0.8330214525339171,0.8275311562247811,0.2400787103589998,0.974609375,0.0126953125,26.213231982990592,0.8328224641985352
t053.png,"(4,7)/(5,7)",0.21962077888559423,gaussian_blur_5x5,0.966796875,0.861328125,25.19827870640932,25.11767981058988,0.7412727227966834,0.7350498705266979,0.2400787103589998,0.97265625,0.013671875,25.19822557763558,0.7412751478023573
t054.png,"(4,7)/(5,7)",0.2501654957023982,real_esrgan,0.66796875,0.646484375,32.39583380384048,32.46405812948039,0.8356124109763767,0.8332768212557179,0.13328547287315642,0.671875,0.1640625,32.39637731524372,0.8355810648698471
t054.png,"(4,7)/(5,7)",0.2501654957023982,jpeg_compression_q50,0.7890625,1.0,35.0194171995806,34.71373513087868,0.8676378605727283,0.8516535396122693,0.13328547287315642,0.7890625,0.10546875,35.01774444350816,0.8675881649583991
t054.png,"(4,7)/(5,7)",0.2501654957023982,gaussian_blur_5x5,1.0,1.0,36.003147388579436,35.783960915051566,0.8881381878918143,0.8804410273048474,0.13328547287315642,1.0,0.0,36.00301408338608,0.8881370018655718
t055.png,"(4,7)/(5,7)",0.18449868286578927,real_esrgan,0.91796875,0.87890625,28.87252927740868,28.681191154247465,0.8822001102765348,0.8748643866146999,0.16449028665370646,0.919921875,0.0400390625,28.87044615759271,0.8821103528555
t055.png,"(4,7)/(5,7)",0.18449868286578927,jpeg_compression_q50,0.927734375,0.998046875,28.643104093906597,28.513724774645432,0.7794565241268264,0.7713004250490944,0.16449028665370646,0.927734375,0.0361328125,28.642190583573786,0.7793892516681827
t055.png,"(4,7)/(5,7)",0.18449868286578927,gaussian_blur_5x5,0.982421875,0.953125,29.1432977446884,29.02764446817635,0.835307664573726,0.8284411749772209,0.16449028665370646,0.982421875,0.0087890625,29.142961834985897,0.8352962042102215
t056.png,"(4,7)/(5,7)",0.21081564245617135,real_esrgan,0.978515625,0.9609375,26.426770951508836,26.26175121183159,0.8640631458791129,0.8605934554446345,0.2370925943454304,0.978515625,0.0107421875,26.41593233635127,0.8636661332759038
t056.png,"(4,7)/(5,7)",0.21081564245617135,jpeg_compression_q50,0.94140625,0.9921875,25.328687517022985,25.210319594129935,0.8290583952810197,0.8245584152946979,0.2370925943454304,0.95703125,0.021484375,25.321430871822585,0.8287779911710581
t056.png,"(4,7)/(5,7)",0.21081564245617135,gaussian_blur_5x5,0.9296875,0.830078125,23.779394675013155,23.701792304170727,0.7175110680135713,0.7111705666357292,0.2370925943454304,0.94140625,0.029296875,23.77874716873471,0.7174608259508934
t057.png,"(4,7)/(5,7)",0.18323369871538941,real_esrgan,0.83203125,0.6953125,28.695222458488008,28.40538593702216,0.8806527671283737,0.8774945494247373,0.17868832233534607,0.830078125,0.0849609375,28.694265037434874,0.8804569815529963
t057.png,"(4,7)/(5,7)",0.18323369871538941,jpeg_compression_q50,0.931640625,0.990234375,28.799191331581632,28.57675262850767,0.8422838309764916,0.833219585756015,0.17868832233534607,0.935546875,0.0322265625,28.795797089047966,0.8420983396292092
t057.png,"(4,7)/(5,7)",0.18323369871538941,gaussian_blur_5x5,0.98046875,0.888671875,27.981841546884844,27.834182380855257,0.8479225858152204,0.8398231676572916,0.17868832233534607,0.984375,0.0078125,27.981492897722582,0.84790435178664
t058.png,"(7,4)/(7,7)",0.229703247655484,real_esrgan,0.86328125,0.865234375,27.188954601494196,27.04358403732947,0.8233093832047237,0.8200676510982506,0.23074655998426288,0.873046875,0.0634765625,27.179301051758898,0.8228429019321976
t058.png,"(7,4)/(7,7)",0.229703247655484,jpeg_compression_q50,0.90625,1.0,27.21045766611614,27.06130921019563,0.8288394045756151,0.8229392648278667,0.23074655998426288,0.92578125,0.037109375,27.20489133970082,0.8286179829083662
t058.png,"(7,4)/(7,7)",0.229703247655484,gaussian_blur_5x5,0.916015625,0.888671875,26.48305391234073,26.36765902019491,0.7792628194026293,0.7724284119696992,0.23074655998426288,0.927734375,0.0361328125,26.482739645070637,0.7792410049211397
t059.png,"(4,7)/(5,7)",0.21594226133652844,real_esrgan,0.841796875,0.787109375,26.922291962977305,26.82392194608649,0.8480146987261655,0.8464065254235283,0.21666923735824692,0.85546875,0.072265625,26.917871634964538,0.8477287369266335
t059.png,"(4,7)/(5,7)",0.21594226133652844,jpeg_compression_q50,0.927734375,0.9921875,26.51803791546355,26.40630206378627,0.810910929525065,0.8040729271401542,0.21666923735824692,0.9375,0.03125,26.513893381192997,0.8107420371303022
t059.png,"(4,7)/(5,7)",0.21594226133652844,gaussian_blur_5x5,0.97265625,0.88671875,25.81110077937184,25.72771026122303,0.7775278814720981,0.7709687148104895,0.21666923735824692,0.974609375,0.0126953125,25.810880728542674,0.7775078581565676
t060.png,"(4,7)/(5,7)",0.19349632926348986,real_esrgan,0.7109375,0.791015625,30.92255667925063,30.56747053952959,0.9451334693091424,0.94061131247399,0.11887731504760174,0.7109375,0.14453125,30.922434430252245,0.9451259913630355
t060.png,"(4,7)/(5,7)",0.19349632926348986,jpeg_compression_q50,0.55078125,0.998046875,31.99441491416609,31.675069581319683,0.9192120651439923,0.8947688068491826,0.11887731504760174,0.552734375,0.2236328125,31.99380734976218,0.9192090076841254
t060.png,"(4,7)/(5,7)",0.19349632926348986,gaussian_blur_5x5,0.990234375,0.95703125,30.427958360570035,30.30036442910128,0.9308592464493085,0.9221528447174224,0.11887731504760174,0.990234375,0.0048828125,30.42799678650009,0.9308615076864442
t061.png,"(4,7)/(5,7)",0.18251990188935852,real_esrgan,0.87890625,0.7578125,27.624198359619744,27.26905613277969,0.9117130569780691,0.9003720789905776,0.18825687490682053,0.896484375,0.0517578125,27.622644044749514,0.9116499545051596
t061.png,"(4,7)/(5,7)",0.18251990188935852,jpeg_compression_q50,0.884765625,0.994140625,27.736369263689753,27.467174634733993,0.8763142199443669,0.8652518288342369,0.18825687490682053,0.88671875,0.056640625,27.733596406979895,0.8762522311285794
t061.png,"(4,7)/(5,7)",0.18251990188935852,gaussian_blur_5x5,0.95703125,0.828125,26.52008224490271,26.357198298931248,0.8838831820014205,0.8752435770648329,0.18825687490682053,0.9609375,0.01953125,26.51974348892578,0.8838705048023773
t062.png,"(4,7)/(5,7)",0.24009667807585566,real_esrgan,0.73828125,0.806640625,31.087797976357585,30.657513643621833,0.9050162271622965,0.8978210689360696,0.12069294366991448,0.736328125,0.1318359375,31.08768844188852,0.9050182948201165
t062.png,"(4,7)/(5,7)",0.24009667807585566,jpeg_compression_q50,0.62890625,1.0,34.09953610188115,33.72367330098739,0.8877516443975146,0.8674843063641601,0.12069294366991448,0.62890625,0.185546875,34.098243037693365,0.8877474097113791
t062.png,"(4,7)/(5,7)",0.24009667807585566,gaussian_blur_5x5,0.998046875,0.982421875,33.96603379426877,33.77046862731611,0.912657239435125,0.9045211496304324,0.12069294366991448,0.998046875,0.0009765625,33.965995906651834,0.9126573144266684
t063.png,"(4,7)/(5,7)",0.19766298781186342,real_esrgan,0.76953125,0.65625,28.14033651036042,27.930461818599724,0.9096304234023452,0.9043106096814092,0.17230425120182974,0.779296875,0.1103515625,28.140540460550525,0.9096030298479185
t063.png,"(4,7)/(5,7)",0.19766298781186342,jpeg_compression_q50,0.7421875,0.994140625,29.866059905612413,29.6270541882423,0.8817807385463062,0.8657308921307113,0.17230425120182974,0.744140625,0.1279296875,29.862833588684758,0.8817317937777966
t063.png,"(4,7)/(5,7)",0.19766298781186342,gaussian_blur_5x5,0.994140625,0.90234375,28.41642796682049,28.289734580910338,0.888886339104968,0.8794253602946204,0.17230425120182974,0.994140625,0.0029296875,28.416209991846657,0.8888706831129441
t064.png,"(4,7)/(5,7)",0.1603666556443028,real_esrgan,0.537109375,0.517578125,29.292076339244485,28.87196672937687,0.9397941558183956,0.9283799970081972,0.18104586710304335,0.544921875,0.2275390625,29.287894960252046,0.9396824061608723
t064.png,"(4,7)/(5,7)",0.1603666556443028,jpeg_compression_q50,0.859375,0.99609375,31.42363330292577,30.65348699110379,0.9086612289768436,0.8847151959645084,0.18104586710304335,0.865234375,0.0673828125,31.41771021239883,0.9085055770462299
t064.png,"(4,7)/(5,7)",0.1603666556443028,gaussian_blur_5x5,0.97265625,0.798828125,27.45436385074317,27.214685720453367,0.9173757090683298,0.9024213151069944,0.18104586710304335,0.974609375,0.0126953125,27.45419537775872,0.9173654928121002
t065.png,"(4,7)/(5,7)",0.19513584768611622,real_esrgan,0.9375,0.87890625,28.918692253798856,28.614330270297735,0.8688286227800187,0.8589012841855355,0.16894674834933449,0.943359375,0.0283203125,28.91857228613715,0.8687569147390177
t065.png,"(4,7)/(5,7)",0.19513584768611622,jpeg_compression_q50,0.92578125,1.0,29.47050198526373,29.29467987076244,0.8387923028243796,0.8302271382189991,0.16894674834933449,0.927734375,0.0361328125,29.46891082562197,0.8387424967928395
t065.png,"(4,7)/(5,7)",0.19513584768611622,gaussian_blur_5x5,0.98828125,0.95703125,28.739148788257904,28.61014577046417,0.823229876038306,0.8160296340236485,0.16894674834933449,0.9921875,0.00390625,28.739069697989482,0.8232250779057452
t066.png,"(4,7)/(5,7)",0.22255734508200858,real_esrgan,0.951171875,0.908203125,26.423468835242815,26.252719604627885,0.8662400159027611,0.8618901137091369,0.19780405105867796,0.95703125,0.021484375,26.420232878759258,0.8660757721118136
t066.png,"(4,7)/(5,7)",0.22255734508200858,jpeg_compression_q50,0.87890625,1.0,27.16420029382543,26.99694783083661,0.8399030792256333,0.8314794052719202,0.19780405105867796,0.87890625,0.060546875,27.158858196856844,0.8397922764698643
t066.png,"(4,7)/(5,7)",0.22255734508200858,gaussian_blur_5x5,0.966796875,0.87890625,26.013735711228662,25.90581891672311,0.8066253556595161,0.7998823953506244,0.19780405105867796,0.974609375,0.0126953125,26.01312972606833,0.8065993582118401
t067.png,"(4,7)/(5,7)",0.023811284153191063,real_esrgan,0.654296875,0.623046875,29.439062265420223,29.31845959502292,0.914266798625666,0.907293636517985,0.15746794346717932,0.662109375,0.1689453125,29.431312402526096,0.9141388022138565
t067.png,"(4,7)/(5,7)",0.023811284153191063,jpeg_compression_q50,0.69140625,1.0,31.225775386833483,30.970182826241302,0.8970624039254326,0.883400867049506,0.15746794346717932,0.7109375,0.14453125,31.215455559699457,0.8967392600173562
t067.png,"(4,7)/(5,7)",0.023811284153191063,gaussian_blur_5x5,0.923828125,0.888671875,26.97270168362948,26.883925711272347,0.8888217854344674,0.8802202863333951,0.15746794346717932,0.931640625,0.0341796875,26.97209158751545,0.8888038787640046
t068.png,"(7,4)/(7,7)",0.16792651376590195,real_esrgan,0.771484375,0.76953125,31.958266502816194,31.41368251017856,0.9146645036312059,0.9046870430158216,0.11598354437000577,0.775390625,0.1123046875,31.957542678678017,0.9146472536123147
t068.png,"(7,4)/(7,7)",0.16792651376590195,jpeg_compression_q50,0.689453125,1.0,34.8873023469794,34.338232763930414,0.9138338952224668,0.8943851615024477,0.11598354437000577,0.689453125,0.1552734375,34.88672145291631,0.9138295812716088
t068.png,"(7,4)/(7,7)",0.16792651376590195,gaussian_blur_5x5,0.998046875,0.962890625,34.475523741794284,34.16399900873171,0.934298179065821,0.9251545996187748,0.11598354437000577,0.998046875,0.0009765625,34.4752240975805,0.934297643999242
t069.png,"(7,4)/(7,7)",0.17705069153848849,real_esrgan,0.638671875,0.6328125,32.95221043635915,32.54159939763273,0.9390894754743156,0.9309960663376804,0.10826669921206025,0.638671875,0.1806640625,32.952047368449435,0.9390878721077763
t069.png,"(7,4)/(7,7)",0.17705069153848849,jpeg_compression_q50,0.55078125,0.998046875,35.162862682026315,34.4454548374822,0.9179395719052043,0.8915509114158239,0.10826669921206025,0.552734375,0.2236328125,35.16266360676249,0.9179439347603671
t069.png,"(7,4)/(7,7)",0.17705069153848849,gaussian_blur_5x5,0.998046875,0.9453125,33.65014912420195,33.34385479758978,0.9358078280359775,0.9243360461735064,0.10826669921206025,0.998046875,0.0009765625,33.650141645247146,0.93580784506301
t070.png,"(4,7)/(5,7)",0.21783009735641395,real_esrgan,0.9609375,0.876953125,29.494811312882796,29.198287351120364,0.919255039267162,0.915606210468122,0.1946152507658016,0.962890625,0.0185546875,29.484979961747197,0.9189670610103363
t070.png,"(4,7)/(5,7)",0.21783009735641395,jpeg_compression_q50,0.94921875,1.0,28.569521756984262,28.215345861387583,0.8919663086645194,0.8831284708036695,0.1946152507658016,0.958984375,0.0205078125,28.563474414498682,0.8918442091844522
t070.png,"(4,7)/(5,7)",0.21783009735641395,gaussian_blur_5x5,0.98046875,0.75,26.70509453765954,26.522041252018393,0.8442834353488186,0.83655941270342,0.1946152507658016,0.984375,0.0078125,26.70486658376758,0.8442771460688526
t071.png,"(4,7)/(5,7)",0.18964640880242992,real_esrgan,0.625,0.609375,28.149922387469793,27.916250033432817,0.9097006499507877,0.9043956814436184,0.1757170063157857,0.638671875,0.1806640625,28.147046597109252,0.9096413212455804
t071.png,"(4,7)/(5,7)",0.18964640880242992,jpeg_compression_q50,0.69921875,0.998046875,30.16782075340494,29.839002324188534,0.8855316525675155,0.8690501977396489,0.1757170063157857,0.69921875,0.150390625,30.165609210680095,0.8854204704924622
t071.png,"(4,7)/(5,7)",0.18964640880242992,gaussian_blur_5x5,0.974609375,0.91796875,27.660603784380136,27.527538524902223,0.8879795031031664,0.8800974024329992,0.1757170063157857,0.978515625,0.0107421875,27.660332172117382,0.887972148506773
t072.png,"(4,7)/(5,7)",0.1842815328393314,real_esrgan,0.9765625,0.984375,27.701488490137763,27.48918374698156,0.9010635800466797,0.8953849462238351,0.1877249446706326,0.98046875,0.009765625,27.696759301982816,0.900889756724928
t072.png,"(4,7)/(5,7)",0.1842815328393314,jpeg_compression_q50,0.966796875,0.99609375,26.997411052218112,26.85160813620775,0.834924456581945,0.8289562024778431,0.1877249446706326,0.97265625,0.013671875,26.995491366192926,0.8348059394022075
t072.png,"(4,7)/(5,7)",0.1842815328393314,gaussian_blur_5x5,0.974609375,0.888671875,27.86551930886592,27.701401346553997,0.8622055223916733,0.8550763261251468,0.1877249446706326,0.982421875,0.0087890625,27.865219717235558,0.8621952852070404
t073.png,"(7,4)/(7,7)",0.21793449396269854,real_esrgan,0.97265625,0.98046875,26.49449818511853,26.3764963762274,0.8433146236757395,0.8407531949834679,0.23562571164654061,0.978515625,0.0107421875,26.485759735512076,0.8429056973718057
t073.png,"(7,4)/(7,7)",0.21793449396269854,jpeg_compression_q50,0.921875,1.0,26.019334863865893,25.92858993140249,0.7891781228116445,0.7852803548786209,0.23562571164654061,0.93359375,0.033203125,26.01502837547383,0.7890021962091152
t073.png,"(7,4)/(7,7)",0.21793449396269854,gaussian_blur_5x5,0.912109375,0.8828125,25.64801710424376,25.570882134206112,0.7144872545190916,0.7091549694913662,0.23562571164654061,0.935546875,0.0322265625,25.647621882151203,0.7144646767848603
t074.png,"(4,7)/(5,7)",0.22957788158276396,real_esrgan,0.9765625,0.955078125,32.83650836810981,32.20571926507903,0.8590416366843793,0.8428815559265849,0.1293452732648595,0.978515625,0.0107421875,32.83561515776889,0.8589770543077738
t074.png,"(4,7)/(5,7)",0.22957788158276396,jpeg_compression_q50,0.904296875,1.0,33.5552204368275,33.36398943871263,0.8443902330401376,0.8357354669207248,0.1293452732648595,0.904296875,0.0478515625,33.55423098657954,0.8443770988028882
t074.png,"(4,7)/(5,7)",0.22957788158276396,gaussian_blur_5x5,1.0,1.0,35.91841506822123,35.6860333646953,0.8999256044068839,0.8935246087925474,0.1293452732648595,1.0,0.0,35.918100527490935,0.8999168288496588
t075.png,"(4,7)/(5,7)",0.16864847945136074,real_esrgan,0.818359375,0.8203125,28.06261880661878,27.727044836536923,0.9341139028434785,0.9223600905322846,0.14729556377224182,0.8203125,0.08984375,28.063910993581395,0.9340931558947644
t075.png,"(4,7)/(5,7)",0.16864847945136074,jpeg_compression_q50,0.93359375,1.0,26.675423618330946,26.48121627936711,0.8720907855802545,0.8616330744110668,0.14729556377224182,0.9375,0.03125,26.67486727228978,0.8720602521732578
t075.png,"(4,7)/(5,7)",0.16864847945136074,gaussian_blur_5x5,0.982421875,0.8359375,28.18361256018025,27.976453471776097,0.9230218123554726,0.9146629973322704,0.14729556377224182,0.98828125,0.005859375,28.18363436084452,0.923020299423493
t076.png,"(6,7)/(7,5)",0.21227763508737457,real_esrgan,0.900390625,0.9453125,32.23820432420336,31.586023035148106,0.9166745147655758,0.9024666022937474,0.12419400018458196,0.90234375,0.048828125,32.236638120512495,0.9166297679413585
t076.png,"(6,7)/(7,5)",0.21227763508737457,jpeg_compression_q50,0.818359375,1.0,31.63481701117442,31.357247032165496,0.8703546740581151,0.8586062595555877,0.12419400018458196,0.814453125,0.0927734375,31.633546592665578,0.8703312304997461
t076.png,"(6,7)/(7,5)",0.21227763508737457,gaussian_blur_5x5,0.990234375,0.953125,31.812615650194374,31.609468279994477,0.922338048489164,0.9144587259641404,0.12419400018458196,0.990234375,0.0048828125,31.812520511772398,0.922335356604378
