scheme,image,alpha,attack_name,nc,ber,psnr_after_attack,ssim_after_attack
dwt_dct_ll,kodim01,0.1,watermarked_only,1.0,0.0,47.040685705843224,0.9985646186203797
dwt_dct_ll,kodim01,0.1,jpeg_compression_q50,1.0,0.0,29.77361203137747,0.885071353165837
dwt_dct_ll,kodim01,0.1,gaussian_blur_5x5,0.875,0.0625,25.723423086489753,0.7662705355790523
dwt_dct_ll,kodim01,0.1,real_esrgan,0.59375,0.203125,28.28002673195688,0.8779713264937458
dwt_dct_ll,kodim02,0.1,watermarked_only,1.0,0.0,48.36196031597056,0.9978190620567343
dwt_dct_ll,kodim02,0.1,jpeg_compression_q50,1.0,0.0,32.56251409442709,0.8455436014685013
dwt_dct_ll,kodim02,0.1,gaussian_blur_5x5,1.0,0.0,32.033107293647795,0.8754760077675501
dwt_dct_ll,kodim02,0.1,real_esrgan,0.6875,0.15625,31.120118539073324,0.8654415911393055
dwt_dct_ll,kodim03,0.1,watermarked_only,1.0,0.0,49.20534265540172,0.9967315968902684
dwt_dct_ll,kodim03,0.1,jpeg_compression_q50,1.0,0.0,33.88639057119081,0.9065571735137409
dwt_dct_ll,kodim03,0.1,gaussian_blur_5x5,0.984375,0.0078125,32.38735920058516,0.9144195169063741
dwt_dct_ll,kodim03,0.1,real_esrgan,0.734375,0.1328125,30.95530957869081,0.9241156127512552
dwt_dct_ll,kodim04,0.1,watermarked_only,1.0,0.0,48.35850209828099,0.9980335980406095
dwt_dct_ll,kodim04,0.1,jpeg_compression_q50,1.0,0.0,32.936993593476856,0.8822775440815932
dwt_dct_ll,kodim04,0.1,gaussian_blur_5x5,0.984375,0.0078125,31.826761846994316,0.8960459814314973
dwt_dct_ll,kodim04,0.1,real_esrgan,0.6875,0.15625,29.818629384976788,0.8939839547181082
dwt_dct_ll,kodim05,0.1,watermarked_only,1.0,0.0,47.0865859521393,0.9980825503332308
dwt_dct_ll,kodim05,0.1,jpeg_compression_q50,1.0,0.0,29.00333400507678,0.9034925235529113
dwt_dct_ll,kodim05,0.1,gaussian_blur_5x5,0.859375,0.0703125,25.463727987659453,0.8328605735958009
dwt_dct_ll,kodim05,0.1,real_esrgan,0.859375,0.0703125,27.871256991658505,0.9283880501823251
dwt_dct_ll,kodim06,0.1,watermarked_only,0.984375,0.0078125,49.564602473206,0.9968470148630484
dwt_dct_ll,kodim06,0.1,jpeg_compression_q50,0.9375,0.03125,30.84964259321678,0.893146536589497
dwt_dct_ll,kodim06,0.1,gaussian_blur_5x5,0.984375,0.0078125,27.194081361849122,0.8043209957046429
dwt_dct_ll,kodim06,0.1,real_esrgan,0.328125,0.3359375,29.84005093025386,0.9091427617787563
dwt_dct_ll,kodim07,0.1,watermarked_only,1.0,0.0,48.720934045779174,0.9970552254900259
dwt_dct_ll,kodim07,0.1,jpeg_compression_q50,1.0,0.0,33.09386213500942,0.9302494937570301
dwt_dct_ll,kodim07,0.1,gaussian_blur_5x5,0.984375,0.0078125,31.07110471750854,0.9377812318431412
dwt_dct_ll,kodim07,0.1,real_esrgan,0.59375,0.203125,30.40976490450928,0.9441145382814474
dwt_dct_ll,kodim08,0.1,watermarked_only,1.0,0.0,46.04540294253763,0.9980349142724627
dwt_dct_ll,kodim08,0.1,jpeg_compression_q50,0.984375,0.0078125,29.23493927240885,0.9123759366408603
dwt_dct_ll,kodim08,0.1,gaussian_blur_5x5,0.859375,0.0703125,23.30571861057877,0.7912762701081736
dwt_dct_ll,kodim08,0.1,real_esrgan,0.53125,0.234375,26.629773324034815,0.9171775857554225
dwt_dct_ll,kodim09,0.1,watermarked_only,1.0,0.0,49.96316616217115,0.9965990028826583
dwt_dct_ll,kodim09,0.1,jpeg_compression_q50,1.0,0.0,34.145269884972436,0.9180690654754381
dwt_dct_ll,kodim09,0.1,gaussian_blur_5x5,1.0,0.0,30.906581754540653,0.9118707926914351
dwt_dct_ll,kodim09,0.1,real_esrgan,0.6875,0.15625,32.130137111846594,0.937292411851034
dwt_dct_ll,kodim10,0.1,watermarked_only,1.0,0.0,48.74262338394153,0.9969446978428268
dwt_dct_ll,kodim10,0.1,jpeg_compression_q50,1.0,0.0,33.66801112286834,0.9103333586278087
dwt_dct_ll,kodim10,0.1,gaussian_blur_5x5,0.984375,0.0078125,30.676845599137575,0.904127237508086
dwt_dct_ll,kodim10,0.1,real_esrgan,0.671875,0.1640625,32.45464399683064,0.9406778376681068
dwt_dct_ll,kodim11,0.1,watermarked_only,1.0,0.0,48.981830848778145,0.9965427962051036
dwt_dct_ll,kodim11,0.1,jpeg_compression_q50,1.0,0.0,31.46077753660885,0.8814078946795966
dwt_dct_ll,kodim11,0.1,gaussian_blur_5x5,1.0,0.0,28.617337296890312,0.8419993904193732
dwt_dct_ll,kodim11,0.1,real_esrgan,0.640625,0.1796875,30.850605145817035,0.9177024222675069
dwt_dct_ll,kodim12,0.1,watermarked_only,1.0,0.0,49.41710409835661,0.9976231032231121
dwt_dct_ll,kodim12,0.1,jpeg_compression_q50,0.984375,0.0078125,34.181264732194066,0.8976865078301396
dwt_dct_ll,kodim12,0.1,gaussian_blur_5x5,1.0,0.0,31.4778301731778,0.8922356449359129
dwt_dct_ll,kodim12,0.1,real_esrgan,0.90625,0.046875,32.405769003532264,0.9242656240683994
dwt_dct_ll,kodim13,0.1,watermarked_only,0.984375,0.0078125,47.71921785603695,0.9979150369801433
dwt_dct_ll,kodim13,0.1,jpeg_compression_q50,0.953125,0.0234375,27.634224305789065,0.8640224131817131
dwt_dct_ll,kodim13,0.1,gaussian_blur_5x5,0.875,0.0625,23.999950615083083,0.7328943861165924
dwt_dct_ll,kodim13,0.1,real_esrgan,0.875,0.0625,28.110004286797214,0.8724224172527436
dwt_dct_ll,kodim14,0.1,watermarked_only,1.0,0.0,47.09056080622473,0.9979061219211035
dwt_dct_ll,kodim14,0.1,jpeg_compression_q50,1.0,0.0,29.793721590761137,0.8775037163824543
dwt_dct_ll,kodim14,0.1,gaussian_blur_5x5,0.984375,0.0078125,28.096233657000337,0.8446938588015827
dwt_dct_ll,kodim14,0.1,real_esrgan,0.953125,0.0234375,29.743646991528124,0.9172520641401665
dwt_dct_ll,kodim15,0.1,watermarked_only,1.0,0.0,48.99592071399801,0.9973085605413705
dwt_dct_ll,kodim15,0.1,jpeg_compression_q50,1.0,0.0,32.854786363148385,0.8855892280733592
dwt_dct_ll,kodim15,0.1,gaussian_blur_5x5,0.984375,0.0078125,30.58205957961967,0.9011781207532396
dwt_dct_ll,kodim15,0.1,real_esrgan,0.765625,0.1171875,30.315283015469493,0.8921519016422911
dwt_dct_ll,kodim16,0.1,watermarked_only,1.0,0.0,48.917152390900675,0.9960410230000208
dwt_dct_ll,kodim16,0.1,jpeg_compression_q50,1.0,0.0,33.09814249780426,0.8959951472746926
dwt_dct_ll,kodim16,0.1,gaussian_blur_5x5,0.96875,0.015625,30.474801502057666,0.8489028824719828
dwt_dct_ll,kodim16,0.1,real_esrgan,0.671875,0.1640625,31.52155101017657,0.9195746981073567
dwt_dct_ll,kodim17,0.1,watermarked_only,1.0,0.0,49.0887050783526,0.996666596415568
dwt_dct_ll,kodim17,0.1,jpeg_compression_q50,1.0,0.0,33.57477296705743,0.9216052710242066
dwt_dct_ll,kodim17,0.1,gaussian_blur_5x5,1.0,0.0,31.406520402753266,0.9161381445631109
dwt_dct_ll,kodim17,0.1,real_esrgan,0.875,0.0625,32.599386326272175,0.9496477900357174
dwt_dct_ll,kodim18,0.1,watermarked_only,1.0,0.0,47.1610010937636,0.9969871730993272
dwt_dct_ll,kodim18,0.1,jpeg_compression_q50,1.0,0.0,30.081915290096926,0.8796877367963036
dwt_dct_ll,kodim18,0.1,gaussian_blur_5x5,0.953125,0.0234375,27.71198942591459,0.8389117512034753
dwt_dct_ll,kodim18,0.1,real_esrgan,0.984375,0.0078125,28.696519834773856,0.8905194603545565
dwt_dct_ll,kodim19,0.1,watermarked_only,1.0,0.0,49.0584609006614,0.9968936615326079
dwt_dct_ll,kodim19,0.1,jpeg_compression_q50,1.0,0.0,32.4041482921861,0.8984626003755075
dwt_dct_ll,kodim19,0.1,gaussian_blur_5x5,1.0,0.0,27.71038678476109,0.84927992335788
dwt_dct_ll,kodim19,0.1,real_esrgan,1.0,0.0,29.04706853028552,0.9123171853830704
dwt_dct_ll,kodim20,0.1,watermarked_only,1.0,0.0,49.86794145225943,0.9976959636050248
dwt_dct_ll,kodim20,0.1,jpeg_compression_q50,0.328125,0.3359375,33.50282158734642,0.9173406490955981
dwt_dct_ll,kodim20,0.1,gaussian_blur_5x5,1.0,0.0,29.558003912014644,0.9088143961656959
dwt_dct_ll,kodim20,0.1,real_esrgan,-0.0625,0.53125,32.79997036563219,0.9322487529540932
dwt_dct_ll,kodim21,0.1,watermarked_only,1.0,0.0,49.610144173826725,0.9964673561250036
dwt_dct_ll,kodim21,0.1,jpeg_compression_q50,1.0,0.0,31.281264006991325,0.9067858357451913
dwt_dct_ll,kodim21,0.1,gaussian_blur_5x5,1.0,0.0,27.93468832542166,0.8755779625653236
dwt_dct_ll,kodim21,0.1,real_esrgan,0.46875,0.265625,31.35866335586577,0.9329197122008631
dwt_dct_ll,kodim22,0.1,watermarked_only,1.0,0.0,48.805116378095946,0.9970051987998089
dwt_dct_ll,kodim22,0.1,jpeg_compression_q50,1.0,0.0,31.547541593149838,0.8682769268923809
dwt_dct_ll,kodim22,0.1,gaussian_blur_5x5,1.0,0.0,29.862061814261782,0.8555884171597504
dwt_dct_ll,kodim22,0.1,real_esrgan,0.90625,0.046875,30.51149451731513,0.88518269464111
dwt_dct_ll,kodim23,0.1,watermarked_only,1.0,0.0,49.58414457979676,0.9970667299528233
dwt_dct_ll,kodim23,0.1,jpeg_compression_q50,1.0,0.0,34.30164844755097,0.9178958185845593
dwt_dct_ll,kodim23,0.1,gaussian_blur_5x5,1.0,0.0,32.40021110530436,0.9510192042845124
dwt_dct_ll,kodim23,0.1,real_esrgan,0.640625,0.1796875,32.79808036256639,0.9439214896012191
dwt_dct_ll,kodim24,0.1,watermarked_only,0.96875,0.015625,47.28846866868028,0.9982011182956785
dwt_dct_ll,kodim24,0.1,jpeg_compression_q50,0.84375,0.078125,29.831801514652337,0.8955280082205731
dwt_dct_ll,kodim24,0.1,gaussian_blur_5x5,0.8125,0.09375,26.445912950609916,0.8390003308701447
dwt_dct_ll,kodim24,0.1,real_esrgan,0.609375,0.1953125,29.083132923946437,0.9176353560550549
dwt_dct_ll,t001,0.1,watermarked_only,1.0,0.0,46.7981380547796,0.9954411722061871
dwt_dct_ll,t001,0.1,jpeg_compression_q50,1.0,0.0,34.17577715366892,0.9133497067768707
dwt_dct_ll,t001,0.1,gaussian_blur_5x5,0.8125,0.09375,32.54916546083675,0.9365401246123012
dwt_dct_ll,t001,0.1,real_esrgan,0.578125,0.2109375,31.530143270183906,0.9257826796628033
dwt_dct_ll,t002,0.1,watermarked_only,1.0,0.0,48.02418350087742,0.9971149218514728
dwt_dct_ll,t002,0.1,jpeg_compression_q50,1.0,0.0,31.878730878840283,0.9138217937412803
dwt_dct_ll,t002,0.1,gaussian_blur_5x5,0.96875,0.015625,30.834763263901024,0.9269032449326663
dwt_dct_ll,t002,0.1,real_esrgan,0.796875,0.1015625,29.427338515269263,0.9328422905516941
dwt_dct_ll,t003,0.1,watermarked_only,1.0,0.0,48.275229830862195,0.9979487874786487
dwt_dct_ll,t003,0.1,jpeg_compression_q50,1.0,0.0,31.42973952741024,0.8780527851556794
dwt_dct_ll,t003,0.1,gaussian_blur_5x5,1.0,0.0,29.755111276361916,0.8516242512089681
dwt_dct_ll,t003,0.1,real_esrgan,0.921875,0.0390625,31.455688632451412,0.9130434122802741
dwt_dct_ll,t004,0.1,watermarked_only,1.0,0.0,48.3085211216775,0.9979879403374574
dwt_dct_ll,t004,0.1,jpeg_compression_q50,1.0,0.0,32.006101246368864,0.9225188991151727
dwt_dct_ll,t004,0.1,gaussian_blur_5x5,0.984375,0.0078125,25.535384874334838,0.8190416296373332
dwt_dct_ll,t004,0.1,real_esrgan,0.6875,0.15625,23.336543157006936,0.8681348443152466
dwt_dct_ll,t005,0.1,watermarked_only,1.0,0.0,47.46381200430438,0.9978880292273375
dwt_dct_ll,t005,0.1,jpeg_compression_q50,1.0,0.0,29.918922526575894,0.8456947182030343
dwt_dct_ll,t005,0.1,gaussian_blur_5x5,0.90625,0.046875,28.15317674854569,0.8184923110947212
dwt_dct_ll,t005,0.1,real_esrgan,0.5625,0.21875,28.942987130407097,0.8646533538608697
dwt_dct_ll,t006,0.1,watermarked_only,1.0,0.0,49.992841578676526,0.9962658196485035
dwt_dct_ll,t006,0.1,jpeg_compression_q50,1.0,0.0,33.68920238844639,0.904718944805067
dwt_dct_ll,t006,0.1,gaussian_blur_5x5,1.0,0.0,32.29739220378705,0.9169923464642894
dwt_dct_ll,t006,0.1,real_esrgan,0.796875,0.1015625,30.76590232091297,0.9247736192016677
dwt_dct_ll,t007,0.1,watermarked_only,1.0,0.0,46.66675428688257,0.9982252361783536
dwt_dct_ll,t007,0.1,jpeg_compression_q50,1.0,0.0,26.645444012814245,0.834539092158144
dwt_dct_ll,t007,0.1,gaussian_blur_5x5,0.84375,0.078125,24.438806035010025,0.7285339306962512
dwt_dct_ll,t007,0.1,real_esrgan,0.859375,0.0703125,27.292752085390646,0.8375879132934693
dwt_dct_ll,t008,0.1,watermarked_only,1.0,0.0,49.31734712000854,0.9975483497676043
dwt_dct_ll,t008,0.1,jpeg_compression_q50,1.0,0.0,32.30393586004679,0.8409357019377275
dwt_dct_ll,t008,0.1,gaussian_blur_5x5,1.0,0.0,31.65785431247237,0.8389956858291092
dwt_dct_ll,t008,0.1,real_esrgan,0.75,0.125,31.729366685613428,0.8397172311949722
dwt_dct_ll,t009,0.1,watermarked_only,1.0,0.0,49.66447773504848,0.995997530663876
dwt_dct_ll,t009,0.1,jpeg_compression_q50,1.0,0.0,35.334379629218155,0.9203952831038417
dwt_dct_ll,t009,0.1,gaussian_blur_5x5,1.0,0.0,31.09644376197689,0.9286985536453263
dwt_dct_ll,t009,0.1,real_esrgan,0.765625,0.1171875,31.516939082826777,0.9379207882416325
dwt_dct_ll,t010,0.1,watermarked_only,1.0,0.0,49.67589150494913,0.9969157720102787
dwt_dct_ll,t010,0.1,jpeg_compression_q50,1.0,0.0,35.46426907222084,0.9183993664148403
dwt_dct_ll,t010,0.1,gaussian_blur_5x5,1.0,0.0,33.92135678130052,0.926352298132449
dwt_dct_ll,t010,0.1,real_esrgan,0.8125,0.09375,32.809169048475304,0.9338405214704736
dwt_dct_ll,t011,0.1,watermarked_only,1.0,0.0,49.59775579720266,0.9969613980341308
dwt_dct_ll,t011,0.1,jpeg_compression_q50,1.0,0.0,33.9839086895366,0.8951432865665322
dwt_dct_ll,t011,0.1,gaussian_blur_5x5,1.0,0.0,33.053578930329934,0.9149645095319419
dwt_dct_ll,t011,0.1,real_esrgan,0.671875,0.1640625,31.067111769630902,0.9122649814352686
dwt_dct_ll,t012,0.1,watermarked_only,1.0,0.0,49.05322663340133,0.9984018615841429
dwt_dct_ll,t012,0.1,jpeg_compression_q50,1.0,0.0,35.76420903730023,0.9013000166678166
dwt_dct_ll,t012,0.1,gaussian_blur_5x5,0.96875,0.015625,34.109843957907124,0.917710291380184
dwt_dct_ll,t012,0.1,real_esrgan,0.65625,0.171875,33.94613123325964,0.9148452205370114
dwt_dct_ll,t013,0.1,watermarked_only,1.0,0.0,46.514871055901196,0.9987028333511144
dwt_dct_ll,t013,0.1,jpeg_compression_q50,1.0,0.0,27.31374748848277,0.8873998653137964
dwt_dct_ll,t013,0.1,gaussian_blur_5x5,0.953125,0.0234375,25.10607785518645,0.7626323281413369
dwt_dct_ll,t013,0.1,real_esrgan,1.0,0.0,25.760219028396495,0.8957634960664498
dwt_dct_ll,t014,0.1,watermarked_only,1.0,0.0,47.19611773977124,0.9980304097139715
dwt_dct_ll,t014,0.1,jpeg_compression_q50,1.0,0.0,29.243757307101905,0.8511107018892199
dwt_dct_ll,t014,0.1,gaussian_blur_5x5,0.90625,0.046875,28.117243543953986,0.8344028610008093
dwt_dct_ll,t014,0.1,real_esrgan,0.6875,0.15625,29.0307898746242,0.8728569177694778
dwt_dct_ll,t015,0.1,watermarked_only,1.0,0.0,46.58792034816818,0.9972488928455947
dwt_dct_ll,t015,0.1,jpeg_compression_q50,1.0,0.0,28.82331776681334,0.882139571238805
dwt_dct_ll,t015,0.1,gaussian_blur_5x5,0.890625,0.0546875,26.64170233148097,0.8041600095026218
dwt_dct_ll,t015,0.1,real_esrgan,0.6875,0.15625,26.271979916973063,0.8727557360782116
dwt_dct_ll,t016,0.1,watermarked_only,1.0,0.0,47.20738958683925,0.9983174713609829
dwt_dct_ll,t016,0.1,jpeg_compression_q50,1.0,0.0,27.69598397000407,0.8441360779689068
dwt_dct_ll,t016,0.1,gaussian_blur_5x5,0.890625,0.0546875,25.87448444542519,0.7284911437547837
dwt_dct_ll,t016,0.1,real_esrgan,0.75,0.125,27.356175833670704,0.808473825676422
dwt_dct_ll,t017,0.1,watermarked_only,1.0,0.0,48.046706108075696,0.9982715518372206
dwt_dct_ll,t017,0.1,jpeg_compression_q50,1.0,0.0,25.984873061858956,0.7971060290666449
dwt_dct_ll,t017,0.1,gaussian_blur_5x5,0.9375,0.03125,24.954547059668784,0.7669179353212607
dwt_dct_ll,t017,0.1,real_esrgan,1.0,0.0,25.870376680261863,0.8092715778574325
dwt_dct_ll,t018,0.1,watermarked_only,1.0,0.0,48.31976553493732,0.997231854974204
dwt_dct_ll,t018,0.1,jpeg_compression_q50,1.0,0.0,32.086205971178316,0.9141870537350947
dwt_dct_ll,t018,0.1,gaussian_blur_5x5,0.90625,0.046875,30.756363949694023,0.9248997784895137
dwt_dct_ll,t018,0.1,real_esrgan,0.65625,0.171875,31.388124488819106,0.9417689783214729
dwt_dct_ll,t019,0.1,watermarked_only,1.0,0.0,47.1288968843174,0.9953593837157362
dwt_dct_ll,t019,0.1,jpeg_compression_q50,1.0,0.0,31.522329887995518,0.8903110886477977
dwt_dct_ll,t019,0.1,gaussian_blur_5x5,0.90625,0.046875,28.60517881649516,0.8876763728639022
dwt_dct_ll,t019,0.1,real_esrgan,0.53125,0.234375,30.38405132370766,0.9156804885860161
dwt_dct_ll,t020,0.1,watermarked_only,1.0,0.0,47.62860027378257,0.9979721826784044
dwt_dct_ll,t020,0.1,jpeg_compression_q50,1.0,0.0,29.08889580114065,0.8509622387009316
dwt_dct_ll,t020,0.1,gaussian_blur_5x5,0.921875,0.0390625,27.869327538675574,0.830806537828174
dwt_dct_ll,t020,0.1,real_esrgan,0.703125,0.1484375,28.2518859304605,0.8793523861571734
dwt_dct_ll,t021,0.1,watermarked_only,1.0,0.0,46.67847392631232,0.997118576330417
dwt_dct_ll,t021,0.1,jpeg_compression_q50,1.0,0.0,28.27141852663816,0.8677061083670409
dwt_dct_ll,t021,0.1,gaussian_blur_5x5,0.859375,0.0703125,26.120933405576963,0.8307512341106729
dwt_dct_ll,t021,0.1,real_esrgan,0.75,0.125,28.626987379703625,0.9033076974386435
dwt_dct_ll,t022,0.1,watermarked_only,1.0,0.0,45.77780907417075,0.9986375473015552
dwt_dct_ll,t022,0.1,jpeg_compression_q50,1.0,0.0,27.709934602495228,0.8422931864822664
dwt_dct_ll,t022,0.1,gaussian_blur_5x5,0.828125,0.0859375,25.716567659184477,0.7699984798260796
dwt_dct_ll,t022,0.1,real_esrgan,0.921875,0.0390625,27.221077830850454,0.8711432232031847
dwt_dct_ll,t023,0.1,watermarked_only,1.0,0.0,45.13990271484165,0.9973059177930015
dwt_dct_ll,t023,0.1,jpeg_compression_q50,1.0,0.0,28.47581151322762,0.8771950340682126
dwt_dct_ll,t023,0.1,gaussian_blur_5x5,0.8125,0.09375,26.258385970099773,0.8322399022410925
dwt_dct_ll,t023,0.1,real_esrgan,0.71875,0.140625,27.233408703873295,0.8860859783965042
dwt_dct_ll,t024,0.1,watermarked_only,1.0,0.0,47.25585878266598,0.9975725105538222
dwt_dct_ll,t024,0.1,jpeg_compression_q50,1.0,0.0,30.642883142680567,0.8953506502303051
dwt_dct_ll,t024,0.1,gaussian_blur_5x5,0.875,0.0625,28.017788443702894,0.8648164058174862
dwt_dct_ll,t024,0.1,real_esrgan,0.75,0.125,30.229794278694566,0.9187632110899248
dwt_dct_ll,t025,0.1,watermarked_only,1.0,0.0,45.3440867265975,0.9975196820930381
dwt_dct_ll,t025,0.1,jpeg_compression_q50,1.0,0.0,29.839458173175082,0.8379374525602187
dwt_dct_ll,t025,0.1,gaussian_blur_5x5,0.90625,0.046875,28.194498603464183,0.8129328934786866
dwt_dct_ll,t025,0.1,real_esrgan,0.375,0.3125,28.93751407163483,0.7818356859689208
dwt_dct_ll,t026,0.1,watermarked_only,1.0,0.0,47.72282587982568,0.9973005940653171
dwt_dct_ll,t026,0.1,jpeg_compression_q50,1.0,0.0,33.81355360969956,0.9015773991942885
dwt_dct_ll,t026,0.1,gaussian_blur_5x5,0.90625,0.046875,32.69718866880686,0.9368261476480247
dwt_dct_ll,t026,0.1,real_esrgan,0.65625,0.171875,32.523436168252104,0.9271367434309634
dwt_dct_ll,t027,0.1,watermarked_only,1.0,0.0,49.311240734450976,0.9965664845398042
dwt_dct_ll,t027,0.1,jpeg_compression_q50,1.0,0.0,31.507875910510453,0.834509008737641
dwt_dct_ll,t027,0.1,gaussian_blur_5x5,1.0,0.0,32.983080472098024,0.8948843099181135
dwt_dct_ll,t027,0.1,real_esrgan,0.859375,0.0703125,31.15777488500054,0.8559779012202071
dwt_dct_ll,t028,0.1,watermarked_only,1.0,0.0,48.167482820521656,0.9973210370897053
dwt_dct_ll,t028,0.1,jpeg_compression_q50,1.0,0.0,33.05168435894452,0.8646437780981522
dwt_dct_ll,t028,0.1,gaussian_blur_5x5,0.984375,0.0078125,33.77633610417447,0.9017641472261618
dwt_dct_ll,t028,0.1,real_esrgan,0.390625,0.3046875,30.04652796187392,0.8548091920911048
dwt_dct_ll,t029,0.1,watermarked_only,1.0,0.0,46.00016557838583,0.9987023116918644
dwt_dct_ll,t029,0.1,jpeg_compression_q50,0.984375,0.0078125,27.461511326332637,0.8850354614490845
dwt_dct_ll,t029,0.1,gaussian_blur_5x5,0.859375,0.0703125,25.14417238985871,0.7859281454429787
dwt_dct_ll,t029,0.1,real_esrgan,0.890625,0.0546875,28.49847529003214,0.9281362757733144
dwt_dct_ll,t030,0.1,watermarked_only,1.0,0.0,47.34949813446238,0.9972310538199095
dwt_dct_ll,t030,0.1,jpeg_compression_q50,1.0,0.0,34.46396305156388,0.907007729696895
dwt_dct_ll,t030,0.1,gaussian_blur_5x5,0.9375,0.03125,34.41872676660617,0.9378173157857591
dwt_dct_ll,t030,0.1,real_esrgan,0.625,0.1875,31.686514036698313,0.9154073123968903
dwt_dct_ll,t031,0.1,watermarked_only,1.0,0.0,48.34719190082714,0.9965189538243825
dwt_dct_ll,t031,0.1,jpeg_compression_q50,1.0,0.0,34.37095082218593,0.8940347353029569
dwt_dct_ll,t031,0.1,gaussian_blur_5x5,1.0,0.0,31.785965843888494,0.9087542552160791
dwt_dct_ll,t031,0.1,real_esrgan,0.59375,0.203125,31.32481247841516,0.9129835603227621
dwt_dct_ll,t032,0.1,watermarked_only,1.0,0.0,46.32646032883606,0.9961858666994298
dwt_dct_ll,t032,0.1,jpeg_compression_q50,1.0,0.0,33.93855301048903,0.9214348387911547
dwt_dct_ll,t032,0.1,gaussian_blur_5x5,0.84375,0.078125,29.187724113091342,0.8657738614065965
dwt_dct_ll,t032,0.1,real_esrgan,0.25,0.375,29.113890716960963,0.9147472194973948
dwt_dct_ll,t033,0.1,watermarked_only,1.0,0.0,47.91849304397071,0.9987505786931955
dwt_dct_ll,t033,0.1,jpeg_compression_q50,1.0,0.0,31.539240006392177,0.8143534125163953
dwt_dct_ll,t033,0.1,gaussian_blur_5x5,0.9375,0.03125,30.760268831951127,0.7922756098188137
dwt_dct_ll,t033,0.1,real_esrgan,0.953125,0.0234375,31.006927947689753,0.77685714690112
dwt_dct_ll,t034,0.1,watermarked_only,1.0,0.0,46.98020638071124,0.9983976482749578
dwt_dct_ll,t034,0.1,jpeg_compression_q50,0.96875,0.015625,28.391463774096625,0.8905414152435962
dwt_dct_ll,t034,0.1,gaussian_blur_5x5,0.8125,0.09375,27.082405942700895,0.8343429980719602
dwt_dct_ll,t034,0.1,real_esrgan,0.859375,0.0703125,28.856146023781037,0.9069672147840349
dwt_dct_ll,t035,0.1,watermarked_only,1.0,0.0,45.30702355032226,0.9976654635058312
dwt_dct_ll,t035,0.1,jpeg_compression_q50,1.0,0.0,29.268902769440025,0.8827815245921095
dwt_dct_ll,t035,0.1,gaussian_blur_5x5,0.640625,0.1796875,26.41421184566144,0.8674830174949265
dwt_dct_ll,t035,0.1,real_esrgan,0.640625,0.1796875,25.573102283975867,0.9024695244968567
dwt_dct_ll,t036,0.1,watermarked_only,1.0,0.0,47.76835872682638,0.9970133431208753
dwt_dct_ll,t036,0.1,jpeg_compression_q50,1.0,0.0,27.076667433222923,0.9038328976689526
dwt_dct_ll,t036,0.1,gaussian_blur_5x5,0.953125,0.0234375,24.878968152195156,0.8423015462747978
dwt_dct_ll,t036,0.1,real_esrgan,0.609375,0.1953125,27.690331434436793,0.9427389556614317
dwt_dct_ll,t037,0.1,watermarked_only,1.0,0.0,46.32706907426723,0.9984290715274479
dwt_dct_ll,t037,0.1,jpeg_compression_q50,1.0,0.0,27.63607655515355,0.851173692644411
dwt_dct_ll,t037,0.1,gaussian_blur_5x5,0.828125,0.0859375,26.64587266944963,0.7954137280652885
dwt_dct_ll,t037,0.1,real_esrgan,0.96875,0.015625,27.55073815830022,0.871455488142881
dwt_dct_ll,t038,0.1,watermarked_only,1.0,0.0,48.61817720089866,0.9965504737274519
dwt_dct_ll,t038,0.1,jpeg_compression_q50,1.0,0.0,31.391833786569904,0.8559604275257614
dwt_dct_ll,t038,0.1,gaussian_blur_5x5,0.984375,0.0078125,29.798529286375054,0.8140732499707303
dwt_dct_ll,t038,0.1,real_esrgan,0.890625,0.0546875,29.396368980859467,0.8512567436460627
dwt_dct_ll,t039,0.1,watermarked_only,1.0,0.0,47.92140743320661,0.9978297331168718
dwt_dct_ll,t039,0.1,jpeg_compression_q50,1.0,0.0,28.99769318902305,0.825925707590418
dwt_dct_ll,t039,0.1,gaussian_blur_5x5,0.96875,0.015625,29.794661302774003,0.8521412730591051
dwt_dct_ll,t039,0.1,real_esrgan,0.53125,0.234375,29.7199212516647,0.8451012056035081
dwt_dct_ll,t040,0.1,watermarked_only,1.0,0.0,48.42521563639871,0.9985893829559617
dwt_dct_ll,t040,0.1,jpeg_compression_q50,1.0,0.0,28.336855899445254,0.8376715135912076
dwt_dct_ll,t040,0.1,gaussian_blur_5x5,0.921875,0.0390625,27.895866446205233,0.7936028117186694
dwt_dct_ll,t040,0.1,real_esrgan,0.875,0.0625,28.11320350636411,0.8762645129139707
dwt_dct_ll,t041,0.1,watermarked_only,1.0,0.0,48.972449530300146,0.996695620881594
dwt_dct_ll,t041,0.1,jpeg_compression_q50,1.0,0.0,30.90290633801728,0.8571383316571843
dwt_dct_ll,t041,0.1,gaussian_blur_5x5,0.953125,0.0234375,29.562581829147717,0.8324541999343453
dwt_dct_ll,t041,0.1,real_esrgan,0.765625,0.1171875,28.992268976036485,0.8726366456922602
dwt_dct_ll,t042,0.1,watermarked_only,1.0,0.0,47.308881204603814,0.9983621597174408
dwt_dct_ll,t042,0.1,jpeg_compression_q50,0.953125,0.0234375,28.532790800820898,0.8617520015362133
dwt_dct_ll,t042,0.1,gaussian_blur_5x5,0.890625,0.0546875,27.06740625509483,0.8312357682208923
dwt_dct_ll,t042,0.1,real_esrgan,0.71875,0.140625,28.217101985485403,0.8886369677165296
dwt_dct_ll,t043,0.1,watermarked_only,1.0,0.0,47.16315720173927,0.9978202315107106
dwt_dct_ll,t043,0.1,jpeg_compression_q50,1.0,0.0,27.91089600382824,0.8517706310117003
dwt_dct_ll,t043,0.1,gaussian_blur_5x5,0.921875,0.0390625,26.638352861578728,0.797466858895519
dwt_dct_ll,t043,0.1,real_esrgan,0.828125,0.0859375,27.117148095976837,0.8479031440621198
dwt_dct_ll,t044,0.1,watermarked_only,1.0,0.0,48.850795459440874,0.9970583549331674
dwt_dct_ll,t044,0.1,jpeg_compression_q50,0.984375,0.0078125,32.02213262207434,0.8976439967703903
dwt_dct_ll,t044,0.1,gaussian_blur_5x5,0.953125,0.0234375,30.070831889158963,0.885521806058395
dwt_dct_ll,t044,0.1,real_esrgan,0.53125,0.234375,29.683905504648763,0.9205227201048211
dwt_dct_ll,t045,0.1,watermarked_only,1.0,0.0,47.42023631900914,0.9980943460309577
dwt_dct_ll,t045,0.1,jpeg_compression_q50,1.0,0.0,27.270982685676707,0.7883683544918476
dwt_dct_ll,t045,0.1,gaussian_blur_5x5,0.875,0.0625,26.86906761178658,0.7597310477317974
dwt_dct_ll,t045,0.1,real_esrgan,0.9375,0.03125,27.038076129345285,0.8215365355448915
dwt_dct_ll,t046,0.1,watermarked_only,1.0,0.0,48.93290642978221,0.9974536920090485
dwt_dct_ll,t046,0.1,jpeg_compression_q50,1.0,0.0,26.665700083679354,0.8437345388757844
dwt_dct_ll,t046,0.1,gaussian_blur_5x5,0.96875,0.015625,26.961084075100462,0.8248314374337036
dwt_dct_ll,t046,0.1,real_esrgan,0.6875,0.15625,26.789291644612682,0.876139718803925
dwt_dct_ll,t047,0.1,watermarked_only,1.0,0.0,47.077550730728774,0.9980626504753024
dwt_dct_ll,t047,0.1,jpeg_compression_q50,1.0,0.0,26.174580606745256,0.8190899223023843
dwt_dct_ll,t047,0.1,gaussian_blur_5x5,0.875,0.0625,26.038006003522124,0.7538606915486642
dwt_dct_ll,t047,0.1,real_esrgan,0.859375,0.0703125,25.733246260926485,0.8419610330301582
dwt_dct_ll,t048,0.1,watermarked_only,1.0,0.0,49.65555654599484,0.9970246617535522
dwt_dct_ll,t048,0.1,jpeg_compression_q50,1.0,0.0,33.41045434387319,0.8766260021418423
dwt_dct_ll,t048,0.1,gaussian_blur_5x5,1.0,0.0,34.72320397331312,0.9024855961313542
dwt_dct_ll,t048,0.1,real_esrgan,0.90625,0.046875,33.02767057575919,0.8990397068354151
dwt_dct_ll,t049,0.1,watermarked_only,1.0,0.0,47.37032074848362,0.9975742440314046
dwt_dct_ll,t049,0.1,jpeg_compression_q50,1.0,0.0,27.7798199276014,0.8565447723610796
dwt_dct_ll,t049,0.1,gaussian_blur_5x5,0.890625,0.0546875,26.228270121724684,0.8166365445035567
dwt_dct_ll,t049,0.1,real_esrgan,0.90625,0.046875,27.10016798551685,0.8740592625035616
dwt_dct_ll,t050,0.1,watermarked_only,1.0,0.0,44.71852247250765,0.9983489904473006
dwt_dct_ll,t050,0.1,jpeg_compression_q50,1.0,0.0,26.842096433357348,0.9041025323850128
dwt_dct_ll,t050,0.1,gaussian_blur_5x5,0.671875,0.1640625,23.207054939135496,0.8071403845490254
dwt_dct_ll,t050,0.1,real_esrgan,0.921875,0.0390625,26.007938500841583,0.9030026701863939
dwt_dct_ll,t051,0.1,watermarked_only,1.0,0.0,47.16003384399478,0.9980776654298036
dwt_dct_ll,t051,0.1,jpeg_compression_q50,1.0,0.0,28.605534308226993,0.8295541473084892
dwt_dct_ll,t051,0.1,gaussian_blur_5x5,0.859375,0.0703125,27.234864661953043,0.8122610111242556
dwt_dct_ll,t051,0.1,real_esrgan,0.53125,0.234375,26.0371472744567,0.7893107704876199
dwt_dct_ll,t052,0.1,watermarked_only,1.0,0.0,49.547695495042646,0.9980808270500655
dwt_dct_ll,t052,0.1,jpeg_compression_q50,0.484375,0.2578125,29.33624791189708,0.831260984845843
dwt_dct_ll,t052,0.1,gaussian_blur_5x5,0.90625,0.046875,28.493344693150107,0.8052169937575835
dwt_dct_ll,t052,0.1,real_esrgan,0.28125,0.359375,27.54079070603012,0.844054861664434
dwt_dct_ll,t053,0.1,watermarked_only,1.0,0.0,46.77327013406885,0.9985285665975642
dwt_dct_ll,t053,0.1,jpeg_compression_q50,0.984375,0.0078125,26.267327947037444,0.8353315995460697
dwt_dct_ll,t053,0.1,gaussian_blur_5x5,0.859375,0.0703125,25.19511825361944,0.7412408153597577
dwt_dct_ll,t053,0.1,real_esrgan,0.875,0.0625,26.60925350902676,0.8784196353438175
dwt_dct_ll,t054,0.1,watermarked_only,1.0,0.0,48.83110979465017,0.9967433318247164
dwt_dct_ll,t054,0.1,jpeg_compression_q50,1.0,0.0,35.05645279719082,0.8695264698273603
dwt_dct_ll,t054,0.1,gaussian_blur_5x5,1.0,0.0,35.92885660569555,0.8881048484286623
dwt_dct_ll,t054,0.1,real_esrgan,0.6875,0.15625,32.30755277443299,0.8362139337431783
dwt_dct_ll,t055,0.1,watermarked_only,1.0,0.0,47.96564135366666,0.9980701279649148
dwt_dct_ll,t055,0.1,jpeg_compression_q50,1.0,0.0,28.667242276922895,0.7812151793812872
dwt_dct_ll,t055,0.1,gaussian_blur_5x5,0.953125,0.0234375,29.127144339298376,0.8350088170534132
dwt_dct_ll,t055,0.1,real_esrgan,0.75,0.125,28.772636557343645,0.8821549591791419
dwt_dct_ll,t056,0.1,watermarked_only,1.0,0.0,47.056982663871935,0.9988297034635037
dwt_dct_ll,t056,0.1,jpeg_compression_q50,0.953125,0.0234375,25.374756801960146,0.8313510850041341
dwt_dct_ll,t056,0.1,gaussian_blur_5x5,0.890625,0.0546875,23.779146909384377,0.7177400569862563
dwt_dct_ll,t056,0.1,real_esrgan,0.859375,0.0703125,26.48153413829547,0.8679844101030625
dwt_dct_ll,t057,0.1,watermarked_only,1.0,0.0,46.39539428825888,0.9978980831880594
dwt_dct_ll,t057,0.1,jpeg_compression_q50,1.0,0.0,28.82323797078637,0.8448979486597313
dwt_dct_ll,t057,0.1,gaussian_blur_5x5,0.84375,0.078125,27.963250754164264,0.847748023831323
dwt_dct_ll,t057,0.1,real_esrgan,0.890625,0.0546875,28.492281130023727,0.8835470514981388
dwt_dct_ll,t058,0.1,watermarked_only,1.0,0.0,46.61603017178054,0.9984660809450602
dwt_dct_ll,t058,0.1,jpeg_compression_q50,1.0,0.0,27.248921804670914,0.8314247201418827
dwt_dct_ll,t058,0.1,gaussian_blur_5x5,0.9375,0.03125,26.47600123921562,0.7792347725053062
dwt_dct_ll,t058,0.1,real_esrgan,0.953125,0.0234375,27.251688978906827,0.8284296805997591
dwt_dct_ll,t059,0.1,watermarked_only,0.984375,0.0078125,46.730917058575,0.9974976921247786
dwt_dct_ll,t059,0.1,jpeg_compression_q50,0.984375,0.0078125,26.55009761146986,0.812228669923989
dwt_dct_ll,t059,0.1,gaussian_blur_5x5,0.859375,0.0703125,25.801952701556942,0.7772201244365666
dwt_dct_ll,t059,0.1,real_esrgan,0.625,0.1875,26.931718204886206,0.851934184422796
dwt_dct_ll,t060,0.1,watermarked_only,1.0,0.0,50.38123723952704,0.9965688901579332
dwt_dct_ll,t060,0.1,jpeg_compression_q50,1.0,0.0,32.00801296825359,0.9160533187129843
dwt_dct_ll,t060,0.1,gaussian_blur_5x5,1.0,0.0,30.4273344085391,0.9306096494397521
dwt_dct_ll,t060,0.1,real_esrgan,0.875,0.0625,30.605844333914657,0.9440614232137415
dwt_dct_ll,t061,0.1,watermarked_only,1.0,0.0,45.65609587309542,0.9965303979870699
dwt_dct_ll,t061,0.1,jpeg_compression_q50,1.0,0.0,27.75279893056503,0.8762902984927018
dwt_dct_ll,t061,0.1,gaussian_blur_5x5,0.765625,0.1171875,26.504912556793432,0.8829516571360113
dwt_dct_ll,t061,0.1,real_esrgan,0.484375,0.2578125,27.55671196224014,0.9113973029589708
dwt_dct_ll,t062,0.1,watermarked_only,1.0,0.0,50.050341240448205,0.9961788583418207
dwt_dct_ll,t062,0.1,jpeg_compression_q50,1.0,0.0,34.11306770979404,0.8854693749430541
dwt_dct_ll,t062,0.1,gaussian_blur_5x5,1.0,0.0,33.94670647091267,0.912214129742221
dwt_dct_ll,t062,0.1,real_esrgan,0.90625,0.046875,30.760979739862503,0.9017963207900781
dwt_dct_ll,t063,0.1,watermarked_only,1.0,0.0,49.25023716022296,0.9963262595615356
dwt_dct_ll,t063,0.1,jpeg_compression_q50,1.0,0.0,29.897280980078236,0.8813806936767429
dwt_dct_ll,t063,0.1,gaussian_blur_5x5,1.0,0.0,28.413143519566756,0.8883981641993849
dwt_dct_ll,t063,0.1,real_esrgan,0.71875,0.140625,28.006488691147283,0.9086800398691306
dwt_dct_ll,t064,0.1,watermarked_only,1.0,0.0,47.35810547114339,0.9956309396604294
dwt_dct_ll,t064,0.1,jpeg_compression_q50,1.0,0.0,31.476039562377878,0.9089477236266745
dwt_dct_ll,t064,0.1,gaussian_blur_5x5,0.921875,0.0390625,27.452475106339186,0.9164343030277368
dwt_dct_ll,t064,0.1,real_esrgan,0.671875,0.1640625,29.09498377478325,0.9403385594609018
dwt_dct_ll,t065,0.1,watermarked_only,1.0,0.0,46.2312099233681,0.9977275682451409
dwt_dct_ll,t065,0.1,jpeg_compression_q50,1.0,0.0,29.486377516599628,0.8408589221668396
dwt_dct_ll,t065,0.1,gaussian_blur_5x5,0.890625,0.0546875,28.70795010835707,0.8228665291176483
dwt_dct_ll,t065,0.1,real_esrgan,0.890625,0.0546875,28.719438243580125,0.8682125031073463
dwt_dct_ll,t066,0.1,watermarked_only,1.0,0.0,48.19989916011537,0.9981720444388446
dwt_dct_ll,t066,0.1,jpeg_compression_q50,1.0,0.0,27.205283167708686,0.8407584763263566
dwt_dct_ll,t066,0.1,gaussian_blur_5x5,0.953125,0.0234375,26.014257927449865,0.8066243461155739
dwt_dct_ll,t066,0.1,real_esrgan,0.890625,0.0546875,26.391007680064508,0.8683032264837829
dwt_dct_ll,t067,0.1,watermarked_only,1.0,0.0,50.178113229954704,0.9964859846304522
dwt_dct_ll,t067,0.1,jpeg_compression_q50,1.0,0.0,31.43250317143314,0.8990657675161283
dwt_dct_ll,t067,0.1,gaussian_blur_5x5,1.0,0.0,26.99876173730094,0.8891508311240132
dwt_dct_ll,t067,0.1,real_esrgan,0.765625,0.1171875,29.388566864110715,0.914119741109681
dwt_dct_ll,t068,0.1,watermarked_only,1.0,0.0,50.21924796550681,0.9965764974638103
dwt_dct_ll,t068,0.1,jpeg_compression_q50,1.0,0.0,34.89964952903871,0.9123414611113375
dwt_dct_ll,t068,0.1,gaussian_blur_5x5,1.0,0.0,34.4592207080604,0.9339572991838462
dwt_dct_ll,t068,0.1,real_esrgan,0.84375,0.078125,31.78002803307333,0.9156457940731656
dwt_dct_ll,t069,0.1,watermarked_only,1.0,0.0,50.189826309003095,0.9964082862684617
dwt_dct_ll,t069,0.1,jpeg_compression_q50,1.0,0.0,35.15572509791242,0.9164267418419185
dwt_dct_ll,t069,0.1,gaussian_blur_5x5,1.0,0.0,33.63524083072504,0.9354377059668785
dwt_dct_ll,t069,0.1,real_esrgan,0.96875,0.015625,32.65223729205012,0.9371064033540231
dwt_dct_ll,t070,0.1,watermarked_only,1.0,0.0,44.94453094017192,0.9976714460769736
dwt_dct_ll,t070,0.1,jpeg_compression_q50,1.0,0.0,28.58511891883857,0.89296180452904
dwt_dct_ll,t070,0.1,gaussian_blur_5x5,0.75,0.125,26.687092843110868,0.8436238677735918
dwt_dct_ll,t070,0.1,real_esrgan,0.734375,0.1328125,29.556375773715125,0.9233433133601855
dwt_dct_ll,t071,0.1,watermarked_only,1.0,0.0,49.840127629534834,0.9971337884196941
dwt_dct_ll,t071,0.1,jpeg_compression_q50,1.0,0.0,30.20149108885558,0.8846182165810258
dwt_dct_ll,t071,0.1,gaussian_blur_5x5,1.0,0.0,27.663792100146438,0.88773288865197
dwt_dct_ll,t071,0.1,real_esrgan,0.71875,0.140625,27.910552951150734,0.908355694986715
dwt_dct_ll,t072,0.1,watermarked_only,1.0,0.0,47.04084897460699,0.9981267764788907
dwt_dct_ll,t072,0.1,jpeg_compression_q50,1.0,0.0,27.0251177724333,0.8365880688969285
dwt_dct_ll,t072,0.1,gaussian_blur_5x5,0.875,0.0625,27.854966327003584,0.861858758853456
dwt_dct_ll,t072,0.1,real_esrgan,0.953125,0.0234375,27.748287989428093,0.9040665596920524
dwt_dct_ll,t073,0.1,watermarked_only,1.0,0.0,46.30158944557458,0.9988169994277429
dwt_dct_ll,t073,0.1,jpeg_compression_q50,1.0,0.0,26.044299207477547,0.7911422294684041
dwt_dct_ll,t073,0.1,gaussian_blur_5x5,0.90625,0.046875,25.638413827330552,0.7144989344796481
dwt_dct_ll,t073,0.1,real_esrgan,1.0,0.0,26.56716928484776,0.8484805605711307
dwt_dct_ll,t074,0.1,watermarked_only,1.0,0.0,50.12577434397441,0.9976162921329662
dwt_dct_ll,t074,0.1,jpeg_compression_q50,1.0,0.0,33.62553978620391,0.8468978758066711
dwt_dct_ll,t074,0.1,gaussian_blur_5x5,1.0,0.0,35.891631492738256,0.8997159027358638
dwt_dct_ll,t074,0.1,real_esrgan,0.90625,0.046875,32.52451467032098,0.8566320994160576
dwt_dct_ll,t075,0.1,watermarked_only,1.0,0.0,46.634925124876276,0.9981810887195622
dwt_dct_ll,t075,0.1,jpeg_compression_q50,1.0,0.0,26.672807169218856,0.8730524151634164
dwt_dct_ll,t075,0.1,gaussian_blur_5x5,0.84375,0.078125,28.166088578005596,0.9225492903283244
dwt_dct_ll,t075,0.1,real_esrgan,0.8125,0.09375,27.952474541800886,0.9336080181098674
dwt_dct_ll,t076,0.1,watermarked_only,1.0,0.0,49.50629361783886,0.9976411262739239
dwt_dct_ll,t076,0.1,jpeg_compression_q50,1.0,0.0,31.67229564528208,0.8710339408965201
dwt_dct_ll,t076,0.1,gaussian_blur_5x5,0.984375,0.0078125,31.797157248441735,0.9220710255846072
dwt_dct_ll,t076,0.1,real_esrgan,0.90625,0.046875,31.79108277478205,0.9127329765784514
dwt_svd_hh,kodim01,0.1,watermarked_only,1.0,0.0,46.96928430461256,0.9975980946334304
dwt_svd_hh,kodim01,0.1,jpeg_compression_q50,0.296875,0.3515625,29.801234358651275,0.8856527111821689
dwt_svd_hh,kodim01,0.1,gaussian_blur_5x5,-0.03125,0.515625,25.736777710481945,0.7669913488143848
dwt_svd_hh,kodim01,0.1,real_esrgan,0.359375,0.3203125,28.34749235016683,0.8784311540231037
dwt_svd_hh,kodim02,0.1,watermarked_only,1.0,0.0,47.38842671309115,0.9953894548710047
dwt_svd_hh,kodim02,0.1,jpeg_compression_q50,0.078125,0.4609375,32.610638271569016,0.8465821528401669
dwt_svd_hh,kodim02,0.1,gaussian_blur_5x5,0.296875,0.3515625,32.072090974006294,0.8766239764668855
dwt_svd_hh,kodim02,0.1,real_esrgan,0.046875,0.4765625,31.290409105222107,0.8673984166054843
dwt_svd_hh,kodim03,0.1,watermarked_only,1.0,0.0,47.867295932093484,0.9944945879560624
dwt_svd_hh,kodim03,0.1,jpeg_compression_q50,0.203125,0.3984375,33.921814347530024,0.9097155326749208
dwt_svd_hh,kodim03,0.1,gaussian_blur_5x5,0.234375,0.3828125,32.41882084369753,0.9156592527968321
dwt_svd_hh,kodim03,0.1,real_esrgan,0.265625,0.3671875,30.941830662414887,0.9240622812153926
dwt_svd_hh,kodim04,0.1,watermarked_only,1.0,0.0,47.672251358888424,0.9950768665506547
dwt_svd_hh,kodim04,0.1,jpeg_compression_q50,0.046875,0.4765625,32.99761188727841,0.8839051779299734
dwt_svd_hh,kodim04,0.1,gaussian_blur_5x5,0.140625,0.4296875,31.86671610637179,0.8970594879912405
dwt_svd_hh,kodim04,0.1,real_esrgan,0.078125,0.4609375,29.95206206461253,0.8962932876401029
dwt_svd_hh,kodim05,0.1,watermarked_only,1.0,0.0,46.362405498392356,0.9981936789089886
dwt_svd_hh,kodim05,0.1,jpeg_compression_q50,0.390625,0.3046875,29.012144851385404,0.9041514970264997
dwt_svd_hh,kodim05,0.1,gaussian_blur_5x5,0.03125,0.484375,25.480213026257687,0.8339191770086739
dwt_svd_hh,kodim05,0.1,real_esrgan,0.34375,0.328125,27.896602533720703,0.9293296792796211
dwt_svd_hh,kodim06,0.1,watermarked_only,1.0,0.0,48.189201135148345,0.9970422909431013
dwt_svd_hh,kodim06,0.1,jpeg_compression_q50,0.21875,0.390625,30.863782424316277,0.8951977564533268
dwt_svd_hh,kodim06,0.1,gaussian_blur_5x5,0.421875,0.2890625,27.20368198723492,0.8055436783548985
dwt_svd_hh,kodim06,0.1,real_esrgan,0.53125,0.234375,29.892324334271017,0.9093562457468845
dwt_svd_hh,kodim07,0.1,watermarked_only,1.0,0.0,47.443319813832225,0.996151005008655
dwt_svd_hh,kodim07,0.1,jpeg_compression_q50,0.015625,0.4921875,33.156134050691314,0.9329411378032973
dwt_svd_hh,kodim07,0.1,gaussian_blur_5x5,0.109375,0.4453125,31.099138930752197,0.9389848893006297
dwt_svd_hh,kodim07,0.1,real_esrgan,0.078125,0.4609375,30.462336387058603,0.9445348658398466
dwt_svd_hh,kodim08,0.1,watermarked_only,1.0,0.0,46.605352025124816,0.9980282788368617
dwt_svd_hh,kodim08,0.1,jpeg_compression_q50,0.171875,0.4140625,29.2765408995575,0.91354276937582
dwt_svd_hh,kodim08,0.1,gaussian_blur_5x5,0.09375,0.453125,23.317757508252292,0.7923435562061245
dwt_svd_hh,kodim08,0.1,real_esrgan,0.078125,0.4609375,26.669525500278553,0.9176861985796241
dwt_svd_hh,kodim09,0.1,watermarked_only,1.0,0.0,48.301088847129876,0.9948059873232338
dwt_svd_hh,kodim09,0.1,jpeg_compression_q50,0.15625,0.421875,34.185726719847686,0.9210133896879292
dwt_svd_hh,kodim09,0.1,gaussian_blur_5x5,0.4375,0.28125,30.922685863632744,0.9131475334152954
dwt_svd_hh,kodim09,0.1,real_esrgan,0.140625,0.4296875,32.21172886179404,0.9377509924180698
dwt_svd_hh,kodim10,0.1,watermarked_only,1.0,0.0,46.42956113790006,0.9935080114620104
dwt_svd_hh,kodim10,0.1,jpeg_compression_q50,0.046875,0.4765625,33.6891866996611,0.9121682563252523
dwt_svd_hh,kodim10,0.1,gaussian_blur_5x5,-0.046875,0.5234375,30.70456886467109,0.9055904356803839
dwt_svd_hh,kodim10,0.1,real_esrgan,0.125,0.4375,32.53860944946016,0.9410536282922589
dwt_svd_hh,kodim11,0.1,watermarked_only,1.0,0.0,47.230245830323966,0.9967233179333957
dwt_svd_hh,kodim11,0.1,jpeg_compression_q50,0.046875,0.4765625,31.488428686594826,0.885628053260512
dwt_svd_hh,kodim11,0.1,gaussian_blur_5x5,0.171875,0.4140625,28.632711070107725,0.8434233216938708
dwt_svd_hh,kodim11,0.1,real_esrgan,0.3125,0.34375,30.961989613418478,0.9181398591702065
dwt_svd_hh,kodim12,0.1,watermarked_only,1.0,0.0,47.88996817936305,0.9950995847113334
dwt_svd_hh,kodim12,0.1,jpeg_compression_q50,0.140625,0.4296875,34.22965471224036,0.8992633552300294
dwt_svd_hh,kodim12,0.1,gaussian_blur_5x5,0.421875,0.2890625,31.50047543709132,0.8932720381435759
dwt_svd_hh,kodim12,0.1,real_esrgan,0.328125,0.3359375,32.51637815476808,0.9249320106136163
dwt_svd_hh,kodim13,0.1,watermarked_only,0.984375,0.0078125,46.269666278357214,0.9981374450700587
dwt_svd_hh,kodim13,0.1,jpeg_compression_q50,0.3125,0.34375,27.634892770483894,0.8651216689998723
dwt_svd_hh,kodim13,0.1,gaussian_blur_5x5,0.109375,0.4453125,24.010068765186332,0.7340557431720294
dwt_svd_hh,kodim13,0.1,real_esrgan,0.484375,0.2578125,28.134952425215282,0.8725819375273143
dwt_svd_hh,kodim14,0.1,watermarked_only,1.0,0.0,46.84046982568102,0.9974564242455838
dwt_svd_hh,kodim14,0.1,jpeg_compression_q50,0.234375,0.3828125,29.81700763789481,0.8784136720107797
dwt_svd_hh,kodim14,0.1,gaussian_blur_5x5,-0.109375,0.5546875,28.12417892912475,0.8460475183287036
dwt_svd_hh,kodim14,0.1,real_esrgan,0.40625,0.296875,29.834146533836744,0.9185374295756658
dwt_svd_hh,kodim15,0.1,watermarked_only,1.0,0.0,46.97123734321817,0.9919742221681632
dwt_svd_hh,kodim15,0.1,jpeg_compression_q50,-0.046875,0.5234375,32.88195252993872,0.8872241675102691
dwt_svd_hh,kodim15,0.1,gaussian_blur_5x5,0.1875,0.40625,30.602967937239043,0.9022235646779359
dwt_svd_hh,kodim15,0.1,real_esrgan,0.03125,0.484375,30.445305639445614,0.8931362352683525
dwt_svd_hh,kodim16,0.1,watermarked_only,1.0,0.0,48.659501321321656,0.996477140151967
dwt_svd_hh,kodim16,0.1,jpeg_compression_q50,0.3125,0.34375,33.153384367166595,0.8995280546434055
dwt_svd_hh,kodim16,0.1,gaussian_blur_5x5,0.421875,0.2890625,30.499705515709692,0.8506048637207679
dwt_svd_hh,kodim16,0.1,real_esrgan,0.421875,0.2890625,31.593290047848924,0.9208074839999894
dwt_svd_hh,kodim17,0.1,watermarked_only,0.984375,0.0078125,47.64679545090277,0.996032568934794
dwt_svd_hh,kodim17,0.1,jpeg_compression_q50,0.0625,0.46875,33.6189585975275,0.9240567975926482
dwt_svd_hh,kodim17,0.1,gaussian_blur_5x5,0.046875,0.4765625,31.42879911353041,0.9173512866883217
dwt_svd_hh,kodim17,0.1,real_esrgan,0.15625,0.421875,32.744516775029474,0.9515328805702866
dwt_svd_hh,kodim18,0.1,watermarked_only,1.0,0.0,47.842327564695424,0.9974459971932473
dwt_svd_hh,kodim18,0.1,jpeg_compression_q50,0.296875,0.3515625,30.119885316126567,0.8814761617797657
dwt_svd_hh,kodim18,0.1,gaussian_blur_5x5,0.140625,0.4296875,27.73639331835303,0.8406106507119501
dwt_svd_hh,kodim18,0.1,real_esrgan,0.53125,0.234375,28.785329240950173,0.8922159068298144
dwt_svd_hh,kodim19,0.1,watermarked_only,1.0,0.0,48.38503890000054,0.9965803962697902
dwt_svd_hh,kodim19,0.1,jpeg_compression_q50,0.1875,0.40625,32.43863013245701,0.9009563315528165
dwt_svd_hh,kodim19,0.1,gaussian_blur_5x5,0.375,0.3125,27.722342693133747,0.8506331590982977
dwt_svd_hh,kodim19,0.1,real_esrgan,0.34375,0.328125,29.096000301793445,0.9128690158861109
dwt_svd_hh,kodim20,0.1,watermarked_only,0.96875,0.015625,47.46944217929333,0.9948226581265845
dwt_svd_hh,kodim20,0.1,jpeg_compression_q50,0.0625,0.46875,33.511939566816466,0.9171467149477853
dwt_svd_hh,kodim20,0.1,gaussian_blur_5x5,0.515625,0.2421875,29.571296174109403,0.9094571686046917
dwt_svd_hh,kodim20,0.1,real_esrgan,0.3125,0.34375,32.80961275718827,0.9319709548832256
dwt_svd_hh,kodim21,0.1,watermarked_only,1.0,0.0,47.85627619438061,0.9961365643051391
dwt_svd_hh,kodim21,0.1,jpeg_compression_q50,0.21875,0.390625,31.30408756497307,0.9110479408733446
dwt_svd_hh,kodim21,0.1,gaussian_blur_5x5,0.453125,0.2734375,27.944588155644322,0.8769591615388567
dwt_svd_hh,kodim21,0.1,real_esrgan,0.421875,0.2890625,31.38531322270129,0.9326845220866534
dwt_svd_hh,kodim22,0.1,watermarked_only,1.0,0.0,47.47159096263474,0.9962824371378042
dwt_svd_hh,kodim22,0.1,jpeg_compression_q50,0.140625,0.4296875,31.576397368622988,0.8707887532884729
dwt_svd_hh,kodim22,0.1,gaussian_blur_5x5,0.265625,0.3671875,29.88312377085623,0.8570398176119802
dwt_svd_hh,kodim22,0.1,real_esrgan,0.4375,0.28125,30.568402639982565,0.8856694754248365
dwt_svd_hh,kodim23,0.1,watermarked_only,1.0,0.0,46.67928429853358,0.9937187927809332
dwt_svd_hh,kodim23,0.1,jpeg_compression_q50,-0.046875,0.5234375,34.30118907548089,0.9200257646847545
dwt_svd_hh,kodim23,0.1,gaussian_blur_5x5,0.15625,0.421875,32.42265136242017,0.9520685452858965
dwt_svd_hh,kodim23,0.1,real_esrgan,-0.125,0.5625,32.86753594387847,0.9442916628953064
dwt_svd_hh,kodim24,0.1,watermarked_only,0.96875,0.015625,45.88362753676785,0.99668950522085
dwt_svd_hh,kodim24,0.1,jpeg_compression_q50,0.265625,0.3671875,29.845427415620627,0.8958382757307009
dwt_svd_hh,kodim24,0.1,gaussian_blur_5x5,0.015625,0.4921875,26.46580774995414,0.8400705483069156
dwt_svd_hh,kodim24,0.1,real_esrgan,0.34375,0.328125,29.124190640803455,0.9178440976531688
dwt_svd_hh,t001,0.1,watermarked_only,1.0,0.0,47.98708153775165,0.9951900754693613
dwt_svd_hh,t001,0.1,jpeg_compression_q50,0.09375,0.453125,34.33686526940091,0.9169986709818495
dwt_svd_hh,t001,0.1,gaussian_blur_5x5,0.40625,0.296875,32.626315124292475,0.9384557890438466
dwt_svd_hh,t001,0.1,real_esrgan,0.125,0.4375,31.689716492165573,0.9278999087135396
dwt_svd_hh,t002,0.1,watermarked_only,1.0,0.0,47.81166909065031,0.9953284419816678
dwt_svd_hh,t002,0.1,jpeg_compression_q50,0.109375,0.4453125,31.9254307412793,0.9157587574586787
dwt_svd_hh,t002,0.1,gaussian_blur_5x5,0.21875,0.390625,30.869431539065395,0.9280069089850379
dwt_svd_hh,t002,0.1,real_esrgan,0.09375,0.453125,29.467447810010942,0.9334192274880037
dwt_svd_hh,t003,0.1,watermarked_only,1.0,0.0,48.183065455241845,0.9981025794046405
dwt_svd_hh,t003,0.1,jpeg_compression_q50,0.1875,0.40625,31.457079228435827,0.8791957352445307
dwt_svd_hh,t003,0.1,gaussian_blur_5x5,0.09375,0.453125,29.782479699076497,0.8528268405877536
dwt_svd_hh,t003,0.1,real_esrgan,0.296875,0.3515625,31.478909478349124,0.9127092404426445
dwt_svd_hh,t004,0.1,watermarked_only,1.0,0.0,47.92361820207974,0.9974970475569022
dwt_svd_hh,t004,0.1,jpeg_compression_q50,0.1875,0.40625,32.04941283771812,0.9236541175232177
dwt_svd_hh,t004,0.1,gaussian_blur_5x5,0.375,0.3125,25.54452219630494,0.8199165641643297
dwt_svd_hh,t004,0.1,real_esrgan,0.25,0.375,23.367558136652917,0.8691477449743304
dwt_svd_hh,t005,0.1,watermarked_only,1.0,0.0,47.861935694690985,0.9970843243741546
dwt_svd_hh,t005,0.1,jpeg_compression_q50,0.015625,0.4921875,29.966664862143585,0.8473114908742051
dwt_svd_hh,t005,0.1,gaussian_blur_5x5,0.25,0.375,28.179340903681,0.8197925759026258
dwt_svd_hh,t005,0.1,real_esrgan,0.34375,0.328125,28.984047476044836,0.8647846596471584
dwt_svd_hh,t006,0.1,watermarked_only,1.0,0.0,48.199152974245266,0.995436471977031
dwt_svd_hh,t006,0.1,jpeg_compression_q50,-0.03125,0.515625,33.732946899355156,0.9085290106149042
dwt_svd_hh,t006,0.1,gaussian_blur_5x5,0.25,0.375,32.3204218762945,0.9182758268441797
dwt_svd_hh,t006,0.1,real_esrgan,0.09375,0.453125,30.83075712615559,0.9251846519035997
dwt_svd_hh,t007,0.1,watermarked_only,1.0,0.0,46.49556161977492,0.9983065281640758
dwt_svd_hh,t007,0.1,jpeg_compression_q50,0.4375,0.28125,26.650630314307104,0.8354915796914674
dwt_svd_hh,t007,0.1,gaussian_blur_5x5,0.09375,0.453125,24.453335796017193,0.7296965965139773
dwt_svd_hh,t007,0.1,real_esrgan,0.40625,0.296875,27.30221850808311,0.8371702673115385
dwt_svd_hh,t008,0.1,watermarked_only,1.0,0.0,47.87426061152166,0.9958193665279036
dwt_svd_hh,t008,0.1,jpeg_compression_q50,0.09375,0.453125,32.32681357853307,0.8425413955642668
dwt_svd_hh,t008,0.1,gaussian_blur_5x5,0.28125,0.359375,31.684558323257555,0.8401869839034077
dwt_svd_hh,t008,0.1,real_esrgan,0.21875,0.390625,31.732245917025445,0.838940919612738
dwt_svd_hh,t009,0.1,watermarked_only,1.0,0.0,47.97461384457048,0.9944572489482452
dwt_svd_hh,t009,0.1,jpeg_compression_q50,0.046875,0.4765625,35.41444706701626,0.9243275732183927
dwt_svd_hh,t009,0.1,gaussian_blur_5x5,0.28125,0.359375,31.112857730782252,0.9298868583307867
dwt_svd_hh,t009,0.1,real_esrgan,0.1875,0.40625,31.567558823343987,0.9380486656140438
dwt_svd_hh,t010,0.1,watermarked_only,1.0,0.0,48.17837864987272,0.9946717704441547
dwt_svd_hh,t010,0.1,jpeg_compression_q50,-0.125,0.5625,35.54375758305736,0.9207180090756836
dwt_svd_hh,t010,0.1,gaussian_blur_5x5,0.203125,0.3984375,33.95108414379639,0.9272895292090203
dwt_svd_hh,t010,0.1,real_esrgan,-0.0625,0.53125,32.87049954542806,0.9344742016225457
dwt_svd_hh,t011,0.1,watermarked_only,1.0,0.0,48.37040784122165,0.996221761908354
dwt_svd_hh,t011,0.1,jpeg_compression_q50,0.078125,0.4609375,34.039491120259264,0.8978916778397253
dwt_svd_hh,t011,0.1,gaussian_blur_5x5,0.1875,0.40625,33.08368058623262,0.9161291391575451
dwt_svd_hh,t011,0.1,real_esrgan,0.265625,0.3671875,31.20448402295253,0.9129810856557822
dwt_svd_hh,t012,0.1,watermarked_only,1.0,0.0,48.83510214339334,0.9957851568402459
dwt_svd_hh,t012,0.1,jpeg_compression_q50,0.21875,0.390625,35.881794179878696,0.9022005731978332
dwt_svd_hh,t012,0.1,gaussian_blur_5x5,0.28125,0.359375,34.164166714090214,0.9184249464503221
dwt_svd_hh,t012,0.1,real_esrgan,0.09375,0.453125,34.04499529184581,0.9153490292312014
dwt_svd_hh,t013,0.1,watermarked_only,1.0,0.0,48.43695038140065,0.999308567564723
dwt_svd_hh,t013,0.1,jpeg_compression_q50,0.4375,0.28125,27.339393745442287,0.8883755541006062
dwt_svd_hh,t013,0.1,gaussian_blur_5x5,0.15625,0.421875,25.125469555001423,0.7638898847185414
dwt_svd_hh,t013,0.1,real_esrgan,0.546875,0.2265625,25.766899172131055,0.8947761484636749
dwt_svd_hh,t014,0.1,watermarked_only,1.0,0.0,47.23799030179598,0.9968738149180248
dwt_svd_hh,t014,0.1,jpeg_compression_q50,0.296875,0.3515625,29.277643472803607,0.8520423721845849
dwt_svd_hh,t014,0.1,gaussian_blur_5x5,0.046875,0.4765625,28.146532012449,0.8356699780935662
dwt_svd_hh,t014,0.1,real_esrgan,0.375,0.3125,29.05325558901286,0.8729538150868142
dwt_svd_hh,t015,0.1,watermarked_only,1.0,0.0,48.32074042305116,0.9988724853924406
dwt_svd_hh,t015,0.1,jpeg_compression_q50,0.296875,0.3515625,28.868241328072926,0.883974767140644
dwt_svd_hh,t015,0.1,gaussian_blur_5x5,0.0,0.5,26.663115243397797,0.8058707328641243
dwt_svd_hh,t015,0.1,real_esrgan,0.28125,0.359375,26.309871186701255,0.8733617039675551
dwt_svd_hh,t016,0.1,watermarked_only,1.0,0.0,47.900021175782896,0.9989220485164015
dwt_svd_hh,t016,0.1,jpeg_compression_q50,0.3125,0.34375,27.716027855611966,0.8452909891315162
dwt_svd_hh,t016,0.1,gaussian_blur_5x5,0.0625,0.46875,25.889834672575045,0.7296007898204632
dwt_svd_hh,t016,0.1,real_esrgan,0.53125,0.234375,27.35031823601336,0.8081779157167567
dwt_svd_hh,t017,0.1,watermarked_only,1.0,0.0,47.52564459693463,0.9983537080050029
dwt_svd_hh,t017,0.1,jpeg_compression_q50,0.375,0.3125,25.98637758054503,0.7978805650735324
dwt_svd_hh,t017,0.1,gaussian_blur_5x5,0.0625,0.46875,24.96764494432894,0.7681749002811347
dwt_svd_hh,t017,0.1,real_esrgan,0.53125,0.234375,25.888028282379313,0.8091063133297823
dwt_svd_hh,t018,0.1,watermarked_only,1.0,0.0,48.01475324173195,0.9970000647984367
dwt_svd_hh,t018,0.1,jpeg_compression_q50,0.234375,0.3828125,32.13556661489683,0.9158908830903861
dwt_svd_hh,t018,0.1,gaussian_blur_5x5,0.1875,0.40625,30.791640029313434,0.9259941432041692
dwt_svd_hh,t018,0.1,real_esrgan,0.359375,0.3203125,31.428218891944187,0.9425870999902054
dwt_svd_hh,t019,0.1,watermarked_only,1.0,0.0,47.378458628231954,0.9966040066504905
dwt_svd_hh,t019,0.1,jpeg_compression_q50,0.203125,0.3984375,31.5787311484496,0.8932734919989996
dwt_svd_hh,t019,0.1,gaussian_blur_5x5,0.28125,0.359375,28.634756317246428,0.8897525494387467
dwt_svd_hh,t019,0.1,real_esrgan,0.171875,0.4140625,30.426534123088096,0.9174871435759826
dwt_svd_hh,t020,0.1,watermarked_only,1.0,0.0,47.45362706002712,0.9974660961942937
dwt_svd_hh,t020,0.1,jpeg_compression_q50,0.203125,0.3984375,29.110474340092818,0.8521204640423498
dwt_svd_hh,t020,0.1,gaussian_blur_5x5,0.140625,0.4296875,27.89199557777744,0.8318785418052507
dwt_svd_hh,t020,0.1,real_esrgan,0.265625,0.3671875,28.283286981892605,0.8793432354103888
dwt_svd_hh,t021,0.1,watermarked_only,1.0,0.0,46.38258147067464,0.99718388343562
dwt_svd_hh,t021,0.1,jpeg_compression_q50,0.21875,0.390625,28.29197504675853,0.8694089607425566
dwt_svd_hh,t021,0.1,gaussian_blur_5x5,-0.03125,0.515625,26.144418720146476,0.8323379591643038
dwt_svd_hh,t021,0.1,real_esrgan,0.09375,0.453125,28.664678825985682,0.9040880151006393
dwt_svd_hh,t022,0.1,watermarked_only,1.0,0.0,47.10417234217906,0.997816917290553
dwt_svd_hh,t022,0.1,jpeg_compression_q50,0.359375,0.3203125,27.742703921571295,0.8432846261818471
dwt_svd_hh,t022,0.1,gaussian_blur_5x5,0.203125,0.3984375,25.74114664340957,0.7711730024006763
dwt_svd_hh,t022,0.1,real_esrgan,0.546875,0.2265625,27.251781397265432,0.8707685217927671
dwt_svd_hh,t023,0.1,watermarked_only,1.0,0.0,47.22160128635775,0.9971390120167264
dwt_svd_hh,t023,0.1,jpeg_compression_q50,0.25,0.375,28.53146601976144,0.8791055590673315
dwt_svd_hh,t023,0.1,gaussian_blur_5x5,0.0625,0.46875,26.291804174327737,0.833654868331343
dwt_svd_hh,t023,0.1,real_esrgan,0.3125,0.34375,27.271232592316505,0.886459429860706
dwt_svd_hh,t024,0.1,watermarked_only,1.0,0.0,47.381431781238376,0.9970017354947803
dwt_svd_hh,t024,0.1,jpeg_compression_q50,0.203125,0.3984375,30.678982763247138,0.8969103840236449
dwt_svd_hh,t024,0.1,gaussian_blur_5x5,-0.046875,0.5234375,28.043908988008415,0.8660252650205417
dwt_svd_hh,t024,0.1,real_esrgan,0.1875,0.40625,30.293505847863486,0.9194104949687204
dwt_svd_hh,t025,0.1,watermarked_only,1.0,0.0,47.15037758251982,0.9965511249179153
dwt_svd_hh,t025,0.1,jpeg_compression_q50,0.125,0.4375,29.917663705339752,0.8395022765089996
dwt_svd_hh,t025,0.1,gaussian_blur_5x5,-0.015625,0.5078125,28.240847169404184,0.8145194910491798
dwt_svd_hh,t025,0.1,real_esrgan,0.109375,0.4453125,28.990846595418244,0.7817075355303266
dwt_svd_hh,t026,0.1,watermarked_only,1.0,0.0,48.1967862253704,0.9950671902434046
dwt_svd_hh,t026,0.1,jpeg_compression_q50,-0.015625,0.5078125,33.91262261863662,0.9032278089095328
dwt_svd_hh,t026,0.1,gaussian_blur_5x5,0.21875,0.390625,32.753271386994626,0.9377136120499786
dwt_svd_hh,t026,0.1,real_esrgan,0.140625,0.4296875,32.643279510264925,0.9281485201354567
dwt_svd_hh,t027,0.1,watermarked_only,1.0,0.0,48.08544882434924,0.9956473328247393
dwt_svd_hh,t027,0.1,jpeg_compression_q50,0.15625,0.421875,31.529172289524375,0.8360884139238594
dwt_svd_hh,t027,0.1,gaussian_blur_5x5,0.375,0.3125,33.00883563058173,0.8961464522151079
dwt_svd_hh,t027,0.1,real_esrgan,0.203125,0.3984375,31.186543904749293,0.8558257131730981
dwt_svd_hh,t028,0.1,watermarked_only,1.0,0.0,48.077913708525415,0.9974992033414335
dwt_svd_hh,t028,0.1,jpeg_compression_q50,0.015625,0.4921875,33.11860499681234,0.8666413800107932
dwt_svd_hh,t028,0.1,gaussian_blur_5x5,0.3125,0.34375,33.8395863532739,0.903058855968616
dwt_svd_hh,t028,0.1,real_esrgan,0.15625,0.421875,30.085582299914115,0.8552263610886716
dwt_svd_hh,t029,0.1,watermarked_only,1.0,0.0,47.948524845733914,0.99887654440556
dwt_svd_hh,t029,0.1,jpeg_compression_q50,0.46875,0.265625,27.49001140771499,0.8857408087919304
dwt_svd_hh,t029,0.1,gaussian_blur_5x5,0.109375,0.4453125,25.163532216226603,0.7868840238301501
dwt_svd_hh,t029,0.1,real_esrgan,0.609375,0.1953125,28.547654601215555,0.9285630581143365
dwt_svd_hh,t030,0.1,watermarked_only,1.0,0.0,48.64414744428703,0.9950564212964177
dwt_svd_hh,t030,0.1,jpeg_compression_q50,0.15625,0.421875,34.59845603314632,0.9087884615585607
dwt_svd_hh,t030,0.1,gaussian_blur_5x5,0.359375,0.3203125,34.52601070111642,0.9391519570636705
dwt_svd_hh,t030,0.1,real_esrgan,0.203125,0.3984375,31.664084115514804,0.9153839611444575
dwt_svd_hh,t031,0.1,watermarked_only,1.0,0.0,47.644345927949125,0.9941804834369602
dwt_svd_hh,t031,0.1,jpeg_compression_q50,0.0625,0.46875,34.454475247301076,0.896223137784994
dwt_svd_hh,t031,0.1,gaussian_blur_5x5,0.21875,0.390625,31.822545734379272,0.9102500409870898
dwt_svd_hh,t031,0.1,real_esrgan,0.1875,0.40625,31.435396100850383,0.9141467330470006
dwt_svd_hh,t032,0.1,watermarked_only,1.0,0.0,48.15788104231645,0.9956738542125702
dwt_svd_hh,t032,0.1,jpeg_compression_q50,0.234375,0.3828125,34.09205693576612,0.9233431421225519
dwt_svd_hh,t032,0.1,gaussian_blur_5x5,0.453125,0.2734375,29.231703730559463,0.867219746416327
dwt_svd_hh,t032,0.1,real_esrgan,0.296875,0.3515625,29.079672488502887,0.9152113023461719
dwt_svd_hh,t033,0.1,watermarked_only,1.0,0.0,48.68536294678265,0.9968261545842982
dwt_svd_hh,t033,0.1,jpeg_compression_q50,0.171875,0.4140625,31.61304729024443,0.8153524646098292
dwt_svd_hh,t033,0.1,gaussian_blur_5x5,0.21875,0.390625,30.800486974925647,0.7932064323509777
dwt_svd_hh,t033,0.1,real_esrgan,0.109375,0.4453125,31.03274539455611,0.7765584378852194
dwt_svd_hh,t034,0.1,watermarked_only,1.0,0.0,48.38236386723858,0.9991192100769197
dwt_svd_hh,t034,0.1,jpeg_compression_q50,0.21875,0.390625,28.414361595754308,0.8914277959440827
dwt_svd_hh,t034,0.1,gaussian_blur_5x5,0.1875,0.40625,27.105793986435245,0.8354224503599129
dwt_svd_hh,t034,0.1,real_esrgan,0.5625,0.21875,28.904142103887974,0.9074248569713576
dwt_svd_hh,t035,0.1,watermarked_only,1.0,0.0,47.544831042608415,0.9979575047551078
dwt_svd_hh,t035,0.1,jpeg_compression_q50,0.125,0.4375,29.335481979111524,0.8840832279537135
dwt_svd_hh,t035,0.1,gaussian_blur_5x5,0.03125,0.484375,26.443926785109497,0.8686976715062453
dwt_svd_hh,t035,0.1,real_esrgan,0.21875,0.390625,25.60390976232505,0.9030517340388764
dwt_svd_hh,t036,0.1,watermarked_only,1.0,0.0,48.06370903343609,0.9988338597104448
dwt_svd_hh,t036,0.1,jpeg_compression_q50,0.28125,0.359375,27.08973086899682,0.9055028848700718
dwt_svd_hh,t036,0.1,gaussian_blur_5x5,0.125,0.4375,24.89151138697445,0.8436531436693023
dwt_svd_hh,t036,0.1,real_esrgan,0.703125,0.1484375,27.730598735155972,0.9438958112364272
dwt_svd_hh,t037,0.1,watermarked_only,1.0,0.0,47.83294330297288,0.998391252741622
dwt_svd_hh,t037,0.1,jpeg_compression_q50,0.140625,0.4296875,27.665735893549957,0.852155389526771
dwt_svd_hh,t037,0.1,gaussian_blur_5x5,0.109375,0.4453125,26.672533181033756,0.7965768650037682
dwt_svd_hh,t037,0.1,real_esrgan,0.328125,0.3359375,27.59855101718935,0.871074968097426
dwt_svd_hh,t038,0.1,watermarked_only,1.0,0.0,47.609961765989965,0.9965948877224449
dwt_svd_hh,t038,0.1,jpeg_compression_q50,0.140625,0.4296875,31.420961052003587,0.8582410861558282
dwt_svd_hh,t038,0.1,gaussian_blur_5x5,0.078125,0.4609375,29.822341143105092,0.8156332016737937
dwt_svd_hh,t038,0.1,real_esrgan,0.078125,0.4609375,29.409472158502087,0.8508061747301104
dwt_svd_hh,t039,0.1,watermarked_only,1.0,0.0,47.905224181033034,0.997800417111154
dwt_svd_hh,t039,0.1,jpeg_compression_q50,0.375,0.3125,29.016295775888338,0.8271778690412805
dwt_svd_hh,t039,0.1,gaussian_blur_5x5,0.03125,0.484375,29.82385087400717,0.8534049428501328
dwt_svd_hh,t039,0.1,real_esrgan,0.15625,0.421875,29.771358924033684,0.8447738343629275
dwt_svd_hh,t040,0.1,watermarked_only,1.0,0.0,47.88147111183686,0.9980002377638688
dwt_svd_hh,t040,0.1,jpeg_compression_q50,0.28125,0.359375,28.352205785899464,0.8383723056643154
dwt_svd_hh,t040,0.1,gaussian_blur_5x5,-0.015625,0.5078125,27.91327607083923,0.7944455224833805
dwt_svd_hh,t040,0.1,real_esrgan,0.53125,0.234375,28.12728812972779,0.8760708365520916
dwt_svd_hh,t041,0.1,watermarked_only,1.0,0.0,47.68565848470257,0.9967036698259234
dwt_svd_hh,t041,0.1,jpeg_compression_q50,0.125,0.4375,30.92915135450199,0.8600453595547158
dwt_svd_hh,t041,0.1,gaussian_blur_5x5,0.21875,0.390625,29.58182094873193,0.8337908037991201
dwt_svd_hh,t041,0.1,real_esrgan,0.296875,0.3515625,29.011923849823383,0.8724097170388193
dwt_svd_hh,t042,0.1,watermarked_only,1.0,0.0,47.91340544312795,0.9978686315985597
dwt_svd_hh,t042,0.1,jpeg_compression_q50,0.125,0.4375,28.56517474864529,0.8625477886824847
dwt_svd_hh,t042,0.1,gaussian_blur_5x5,0.109375,0.4453125,27.08986870286074,0.832114564478116
dwt_svd_hh,t042,0.1,real_esrgan,0.40625,0.296875,28.25826048741042,0.888899695630081
dwt_svd_hh,t043,0.1,watermarked_only,1.0,0.0,47.539179449597164,0.9979839910082552
dwt_svd_hh,t043,0.1,jpeg_compression_q50,0.171875,0.4140625,27.93547510628227,0.8534597737607122
dwt_svd_hh,t043,0.1,gaussian_blur_5x5,0.046875,0.4765625,26.659160765013592,0.7986365887129264
dwt_svd_hh,t043,0.1,real_esrgan,0.265625,0.3671875,27.134767698195397,0.8472188682701112
dwt_svd_hh,t044,0.1,watermarked_only,1.0,0.0,48.0324734033359,0.9968186158042477
dwt_svd_hh,t044,0.1,jpeg_compression_q50,0.1875,0.40625,32.06321068593551,0.8998290231771712
dwt_svd_hh,t044,0.1,gaussian_blur_5x5,0.296875,0.3515625,30.0947892600293,0.8867162023181652
dwt_svd_hh,t044,0.1,real_esrgan,0.265625,0.3671875,29.804154213635652,0.9218261794494401
dwt_svd_hh,t045,0.1,watermarked_only,1.0,0.0,47.609525845622684,0.9980155459339871
dwt_svd_hh,t045,0.1,jpeg_compression_q50,0.203125,0.3984375,27.288762162306366,0.7895939030213603
dwt_svd_hh,t045,0.1,gaussian_blur_5x5,0.078125,0.4609375,26.888243324728084,0.7609348628356271
dwt_svd_hh,t045,0.1,real_esrgan,0.234375,0.3828125,27.06811606023555,0.8216124747139331
dwt_svd_hh,t046,0.1,watermarked_only,1.0,0.0,48.17196832394068,0.9974151639864798
dwt_svd_hh,t046,0.1,jpeg_compression_q50,0.265625,0.3671875,26.670495923759773,0.8459772082402122
dwt_svd_hh,t046,0.1,gaussian_blur_5x5,0.15625,0.421875,26.97368444636013,0.8260787149842203
dwt_svd_hh,t046,0.1,real_esrgan,0.359375,0.3203125,26.79980521729953,0.8762979975486358
dwt_svd_hh,t047,0.1,watermarked_only,1.0,0.0,48.34033064519122,0.9989617572090829
dwt_svd_hh,t047,0.1,jpeg_compression_q50,0.234375,0.3828125,26.193415676745396,0.8204282182496657
dwt_svd_hh,t047,0.1,gaussian_blur_5x5,0.15625,0.421875,26.056829421803535,0.7549038417694907
dwt_svd_hh,t047,0.1,real_esrgan,0.46875,0.265625,25.751823263765623,0.8422421658496687
dwt_svd_hh,t048,0.1,watermarked_only,1.0,0.0,48.42878655384108,0.9940867849335836
dwt_svd_hh,t048,0.1,jpeg_compression_q50,-0.0625,0.53125,33.45836491053147,0.8782579277058525
dwt_svd_hh,t048,0.1,gaussian_blur_5x5,0.3125,0.34375,34.76295170159209,0.9036235527203328
dwt_svd_hh,t048,0.1,real_esrgan,0.125,0.4375,33.09685680235041,0.9005993185715758
dwt_svd_hh,t049,0.1,watermarked_only,1.0,0.0,47.43596773758273,0.9963761274197088
dwt_svd_hh,t049,0.1,jpeg_compression_q50,0.125,0.4375,27.80836782184928,0.8588148883744435
dwt_svd_hh,t049,0.1,gaussian_blur_5x5,0.125,0.4375,26.2467255794617,0.8178555290310742
dwt_svd_hh,t049,0.1,real_esrgan,0.375,0.3125,27.137274814646037,0.8738849966478234
dwt_svd_hh,t050,0.1,watermarked_only,1.0,0.0,45.65774543553468,0.9978264847435813
dwt_svd_hh,t050,0.1,jpeg_compression_q50,0.265625,0.3671875,26.866331856292092,0.9045502754362511
dwt_svd_hh,t050,0.1,gaussian_blur_5x5,0.046875,0.4765625,23.226777050598212,0.8082639867157736
dwt_svd_hh,t050,0.1,real_esrgan,0.34375,0.328125,26.059135096199732,0.903821573967884
dwt_svd_hh,t051,0.1,watermarked_only,1.0,0.0,48.05910032670083,0.9980091340030759
dwt_svd_hh,t051,0.1,jpeg_compression_q50,0.1875,0.40625,28.631491857746735,0.8303610931017035
dwt_svd_hh,t051,0.1,gaussian_blur_5x5,0.078125,0.4609375,27.25799512109473,0.8132457627209496
dwt_svd_hh,t051,0.1,real_esrgan,0.328125,0.3359375,26.08772707530259,0.7894866876616159
dwt_svd_hh,t052,0.1,watermarked_only,1.0,0.0,48.107303479952506,0.9975256998856349
dwt_svd_hh,t052,0.1,jpeg_compression_q50,0.046875,0.4765625,29.352960524856883,0.8319277740477085
dwt_svd_hh,t052,0.1,gaussian_blur_5x5,0.15625,0.421875,28.507880641554976,0.8061359646677698
dwt_svd_hh,t052,0.1,real_esrgan,0.21875,0.390625,27.538499295070107,0.8433976139934359
dwt_svd_hh,t053,0.1,watermarked_only,1.0,0.0,47.33006977370191,0.9989640413203124
dwt_svd_hh,t053,0.1,jpeg_compression_q50,0.28125,0.359375,26.285136373354078,0.8365357830112593
dwt_svd_hh,t053,0.1,gaussian_blur_5x5,0.0,0.5,25.21149234515166,0.7422595583294948
dwt_svd_hh,t053,0.1,real_esrgan,0.578125,0.2109375,26.62189212418665,0.8783290371765088
dwt_svd_hh,t054,0.1,watermarked_only,1.0,0.0,48.44066736965635,0.9945445678956055
dwt_svd_hh,t054,0.1,jpeg_compression_q50,0.03125,0.484375,35.14882016841634,0.8725927053207139
dwt_svd_hh,t054,0.1,gaussian_blur_5x5,0.65625,0.171875,36.00550966678846,0.8894339698724575
dwt_svd_hh,t054,0.1,real_esrgan,-0.046875,0.5234375,32.33513730136869,0.8364974270478776
dwt_svd_hh,t055,0.1,watermarked_only,1.0,0.0,47.48380179845732,0.9972306535486202
dwt_svd_hh,t055,0.1,jpeg_compression_q50,0.171875,0.4140625,28.692147274774268,0.7826646356493906
dwt_svd_hh,t055,0.1,gaussian_blur_5x5,0.125,0.4375,29.151807681948142,0.836168013637881
dwt_svd_hh,t055,0.1,real_esrgan,0.453125,0.2734375,28.808570071337694,0.8825127782646817
dwt_svd_hh,t056,0.1,watermarked_only,1.0,0.0,47.08729811746521,0.9986494655925539
dwt_svd_hh,t056,0.1,jpeg_compression_q50,0.34375,0.328125,25.37757443256893,0.8319307519310706
dwt_svd_hh,t056,0.1,gaussian_blur_5x5,0.109375,0.4453125,23.791377578388285,0.7186099751439587
dwt_svd_hh,t056,0.1,real_esrgan,0.421875,0.2890625,26.51145782102848,0.8680371861760449
dwt_svd_hh,t057,0.1,watermarked_only,1.0,0.0,47.53266417520447,0.9976628390751529
dwt_svd_hh,t057,0.1,jpeg_compression_q50,0.078125,0.4609375,28.86847837111099,0.8462841428098563
dwt_svd_hh,t057,0.1,gaussian_blur_5x5,0.140625,0.4296875,27.994546082012995,0.8489328314115078
dwt_svd_hh,t057,0.1,real_esrgan,0.171875,0.4140625,28.572362555773342,0.8844819637910774
dwt_svd_hh,t058,0.1,watermarked_only,1.0,0.0,48.30110607667352,0.9985105948292179
dwt_svd_hh,t058,0.1,jpeg_compression_q50,0.234375,0.3828125,27.272070627533957,0.8324565764411691
dwt_svd_hh,t058,0.1,gaussian_blur_5x5,0.234375,0.3828125,26.497737119664187,0.7803261003820733
dwt_svd_hh,t058,0.1,real_esrgan,0.5,0.25,27.27659772548718,0.8281993907125589
dwt_svd_hh,t059,0.1,watermarked_only,1.0,0.0,47.75399038650664,0.9975649771094028
dwt_svd_hh,t059,0.1,jpeg_compression_q50,0.296875,0.3515625,26.57181132014383,0.813897489675009
dwt_svd_hh,t059,0.1,gaussian_blur_5x5,0.109375,0.4453125,25.822553231548987,0.7784277970528154
dwt_svd_hh,t059,0.1,real_esrgan,0.328125,0.3359375,26.957246827823713,0.8519474169003599
dwt_svd_hh,t060,0.1,watermarked_only,1.0,0.0,48.04449135175366,0.9940746540775812
dwt_svd_hh,t060,0.1,jpeg_compression_q50,0.0,0.5,32.048616494830014,0.9206386324061651
dwt_svd_hh,t060,0.1,gaussian_blur_5x5,0.484375,0.2578125,30.43917563053228,0.9317903616640458
dwt_svd_hh,t060,0.1,real_esrgan,0.171875,0.4140625,30.620253101757974,0.9441784611203937
dwt_svd_hh,t061,0.1,watermarked_only,1.0,0.0,45.87125891901316,0.996487902914676
dwt_svd_hh,t061,0.1,jpeg_compression_q50,0.1875,0.40625,27.77945274555934,0.8783068890240461
dwt_svd_hh,t061,0.1,gaussian_blur_5x5,0.109375,0.4453125,26.53475189058019,0.8845383155095546
dwt_svd_hh,t061,0.1,real_esrgan,0.34375,0.328125,27.625344429792666,0.9131265127178292
dwt_svd_hh,t062,0.1,watermarked_only,1.0,0.0,48.56087129180203,0.9948339269276084
dwt_svd_hh,t062,0.1,jpeg_compression_q50,0.203125,0.3984375,34.172837945953795,0.8900941101636843
dwt_svd_hh,t062,0.1,gaussian_blur_5x5,0.375,0.3125,33.97655350518272,0.913566584570226
dwt_svd_hh,t062,0.1,real_esrgan,0.21875,0.390625,30.755780435331474,0.9019884223542912
dwt_svd_hh,t063,0.1,watermarked_only,1.0,0.0,47.78710943018224,0.9958265945374333
dwt_svd_hh,t063,0.1,jpeg_compression_q50,0.234375,0.3828125,29.91779837111451,0.8841273397196335
dwt_svd_hh,t063,0.1,gaussian_blur_5x5,0.234375,0.3828125,28.42720943076493,0.889661051363495
dwt_svd_hh,t063,0.1,real_esrgan,0.359375,0.3203125,28.05215997944365,0.9096636318242113
dwt_svd_hh,t064,0.1,watermarked_only,1.0,0.0,46.92530377196264,0.9956452669137703
dwt_svd_hh,t064,0.1,jpeg_compression_q50,0.15625,0.421875,31.534306731016592,0.9120808839100282
dwt_svd_hh,t064,0.1,gaussian_blur_5x5,0.0,0.5,27.472749707121558,0.9181813435034228
dwt_svd_hh,t064,0.1,real_esrgan,0.09375,0.453125,29.159438814410265,0.9415873737264192
dwt_svd_hh,t065,0.1,watermarked_only,1.0,0.0,47.723590080047025,0.9974716523681404
dwt_svd_hh,t065,0.1,jpeg_compression_q50,0.109375,0.4453125,29.528021215526312,0.8419387145871742
dwt_svd_hh,t065,0.1,gaussian_blur_5x5,0.046875,0.4765625,28.746989936153135,0.8240198193544352
dwt_svd_hh,t065,0.1,real_esrgan,0.359375,0.3203125,28.79302086571935,0.8683812766236457
dwt_svd_hh,t066,0.1,watermarked_only,1.0,0.0,48.2537086476236,0.9983412738003107
dwt_svd_hh,t066,0.1,jpeg_compression_q50,0.359375,0.3203125,27.222594981775565,0.8421698396337614
dwt_svd_hh,t066,0.1,gaussian_blur_5x5,0.09375,0.453125,26.02607231479461,0.8075471743380693
dwt_svd_hh,t066,0.1,real_esrgan,0.578125,0.2109375,26.418789397111265,0.8688267553568507
dwt_svd_hh,t067,0.1,watermarked_only,1.0,0.0,48.217310981176205,0.9961764896719534
dwt_svd_hh,t067,0.1,jpeg_compression_q50,0.234375,0.3828125,31.437135266926212,0.9018234580925567
dwt_svd_hh,t067,0.1,gaussian_blur_5x5,0.453125,0.2734375,27.00471303670849,0.8901739343893209
dwt_svd_hh,t067,0.1,real_esrgan,0.171875,0.4140625,29.449662398090833,0.9151599622726384
dwt_svd_hh,t068,0.1,watermarked_only,1.0,0.0,48.25553826799866,0.9945608216640208
dwt_svd_hh,t068,0.1,jpeg_compression_q50,0.0625,0.46875,34.955525875462754,0.9157081526217979
dwt_svd_hh,t068,0.1,gaussian_blur_5x5,0.21875,0.390625,34.49169302250934,0.9351248491312959
dwt_svd_hh,t068,0.1,real_esrgan,0.15625,0.421875,31.790003067610115,0.9156713482594556
dwt_svd_hh,t069,0.1,watermarked_only,1.0,0.0,48.45025610619385,0.994668150598617
dwt_svd_hh,t069,0.1,jpeg_compression_q50,0.03125,0.484375,35.22666346448681,0.9196080372121797
dwt_svd_hh,t069,0.1,gaussian_blur_5x5,0.359375,0.3203125,33.66157052945657,0.9366194820001067
dwt_svd_hh,t069,0.1,real_esrgan,0.15625,0.421875,32.67940192750214,0.937297764113827
dwt_svd_hh,t070,0.1,watermarked_only,1.0,0.0,47.96510444373549,0.9991272586896355
dwt_svd_hh,t070,0.1,jpeg_compression_q50,0.3125,0.34375,28.648812244641988,0.8945350597183408
dwt_svd_hh,t070,0.1,gaussian_blur_5x5,0.125,0.4375,26.72271563954276,0.8450967849640838
dwt_svd_hh,t070,0.1,real_esrgan,0.34375,0.328125,29.643292767548598,0.9238222438506772
dwt_svd_hh,t071,0.1,watermarked_only,1.0,0.0,47.11768235131438,0.9942989614966984
dwt_svd_hh,t071,0.1,jpeg_compression_q50,0.125,0.4375,30.22487919773683,0.8876925876871864
dwt_svd_hh,t071,0.1,gaussian_blur_5x5,0.15625,0.421875,27.6716818011933,0.8887623196639853
dwt_svd_hh,t071,0.1,real_esrgan,0.21875,0.390625,27.966031213135672,0.9087999036984323
dwt_svd_hh,t072,0.1,watermarked_only,1.0,0.0,47.80253509915477,0.9987081201190188
dwt_svd_hh,t072,0.1,jpeg_compression_q50,0.375,0.3125,27.042399904252505,0.837564840295312
dwt_svd_hh,t072,0.1,gaussian_blur_5x5,0.09375,0.453125,27.885762714928394,0.8631192163079197
dwt_svd_hh,t072,0.1,real_esrgan,0.515625,0.2421875,27.79259424020138,0.905108460915927
dwt_svd_hh,t073,0.1,watermarked_only,1.0,0.0,48.25773255593268,0.9991537352209336
dwt_svd_hh,t073,0.1,jpeg_compression_q50,0.4375,0.28125,26.069219761356806,0.7923651062846916
dwt_svd_hh,t073,0.1,gaussian_blur_5x5,0.125,0.4375,25.65772003127212,0.7154567953416523
dwt_svd_hh,t073,0.1,real_esrgan,0.46875,0.265625,26.595601871576484,0.8484766275089143
dwt_svd_hh,t074,0.1,watermarked_only,1.0,0.0,49.043642288011505,0.9966740804083627
dwt_svd_hh,t074,0.1,jpeg_compression_q50,0.015625,0.4921875,33.66397352667696,0.8485983561361633
dwt_svd_hh,t074,0.1,gaussian_blur_5x5,0.28125,0.359375,35.94909011279266,0.9010089837411875
dwt_svd_hh,t074,0.1,real_esrgan,0.265625,0.3671875,32.524087459138336,0.8559370971420123
dwt_svd_hh,t075,0.1,watermarked_only,1.0,0.0,48.0663960786324,0.9978638370249442
dwt_svd_hh,t075,0.1,jpeg_compression_q50,0.3125,0.34375,26.702705831602778,0.8741687661800097
dwt_svd_hh,t075,0.1,gaussian_blur_5x5,-0.046875,0.5234375,28.200870572007478,0.9236251437443604
dwt_svd_hh,t075,0.1,real_esrgan,0.296875,0.3515625,27.989892536813397,0.9343765382701803
dwt_svd_hh,t076,0.1,watermarked_only,1.0,0.0,47.231026838634094,0.9954715482802382
dwt_svd_hh,t076,0.1,jpeg_compression_q50,0.140625,0.4296875,31.674296042247185,0.8720742083191015
dwt_svd_hh,t076,0.1,gaussian_blur_5x5,0.078125,0.4609375,31.826465936625702,0.9229878232664088
dwt_svd_hh,t076,0.1,real_esrgan,0.171875,0.4140625,31.92710436200262,0.9152657300681969
